Suite/Test/Step Name,Browser,Description,Tag,Start time,End time,Duration,Status
Register,Chrome 99.0.4844.74,,,2022-03-20 23:48:48,2022-03-20 23:51:33,2m - 45.342s,FAILED
,,,,,,,
Test Cases/Register success,Chrome 99.0.4844.74,,,2022-03-20 23:48:49,2022-03-20 23:49:34,44.434s,PASSED
"openBrowser(""https://brick-qa-assignment.herokuapp.com/"")",Chrome 99.0.4844.74,,,2022-03-20 23:48:52,2022-03-20 23:49:12,20.394s,PASSED
waitForPageLoad(1),Chrome 99.0.4844.74,,,2022-03-20 23:49:12,2022-03-20 23:49:13,0.902s,PASSED
"setText(findTestObject(""Object Repository/Page_Brick Sign Up Form/input_First Name_firstName""), ""mochamad"")",Chrome 99.0.4844.74,,,2022-03-20 23:49:13,2022-03-20 23:49:16,3.014s,PASSED
"setText(findTestObject(""Object Repository/Page_Brick Sign Up Form/input_Last Name_lastName""), ""iqbal"")",Chrome 99.0.4844.74,,,2022-03-20 23:49:16,2022-03-20 23:49:19,3.020s,PASSED
"setText(findTestObject(""Object Repository/Page_Brick Sign Up Form/input_Your Email_email""), ""testing001001@tonaeto.com"")",Chrome 99.0.4844.74,,,2022-03-20 23:49:19,2022-03-20 23:49:22,2.886s,PASSED
"setText(findTestObject(""Object Repository/Page_Brick Sign Up Form/input_Vietnam (Vit Nam)_phoneNumber""), ""89656505338"")",Chrome 99.0.4844.74,,,2022-03-20 23:49:22,2022-03-20 23:49:24,2.681s,PASSED
"setText(findTestObject(""Object Repository/Page_Brick Sign Up Form/input_Your Address_address""), ""Bandung"")",Chrome 99.0.4844.74,,,2022-03-20 23:49:24,2022-03-20 23:49:26,1.551s,PASSED
"setText(findTestObject(""Object Repository/Page_Brick Sign Up Form/input_Password_password""), ""Password123"")",Chrome 99.0.4844.74,,,2022-03-20 23:49:26,2022-03-20 23:49:27,1.442s,PASSED
"setText(findTestObject(""Object Repository/Page_Brick Sign Up Form/input_Confirm Password_confirm_password""), ""Password123"")",Chrome 99.0.4844.74,,,2022-03-20 23:49:27,2022-03-20 23:49:29,1.309s,PASSED
"click(findTestObject(""Object Repository/Page_Brick Sign Up Form/input_Confirm Password_register""))",Chrome 99.0.4844.74,,,2022-03-20 23:49:29,2022-03-20 23:49:31,2.280s,PASSED
"verifyElementPresent(findTestObject(""Object Repository/Page_Brick Sign Up Form/div_Check your email to confirm your registration""), 1)",Chrome 99.0.4844.74,,,2022-03-20 23:49:31,2022-03-20 23:49:32,1.267s,PASSED
"verifyTextPresent(""Success"", true)",Chrome 99.0.4844.74,,,2022-03-20 23:49:32,2022-03-20 23:49:33,0.515s,PASSED
"click(findTestObject(""Object Repository/Page_Brick Sign Up Form/button_OK""))",Chrome 99.0.4844.74,,,2022-03-20 23:49:33,2022-03-20 23:49:34,0.810s,PASSED
,,,,,,,
Test Cases/Register failed - Email already exist,Chrome 99.0.4844.74,,,2022-03-20 23:49:34,2022-03-20 23:49:49,15.137s,PASSED
"navigateToUrl(""https://brick-qa-assignment.herokuapp.com/"")",Chrome 99.0.4844.74,,,2022-03-20 23:49:36,2022-03-20 23:49:37,0.964s,PASSED
"setText(findTestObject(""Object Repository/Page_Brick Sign Up Form/input_First Name_firstName""), ""mochamad"")",Chrome 99.0.4844.74,,,2022-03-20 23:49:37,2022-03-20 23:49:38,1.134s,PASSED
"setText(findTestObject(""Object Repository/Page_Brick Sign Up Form/input_Last Name_lastName""), ""iqbal"")",Chrome 99.0.4844.74,,,2022-03-20 23:49:38,2022-03-20 23:49:39,1.003s,PASSED
"setText(findTestObject(""Object Repository/Page_Brick Sign Up Form/input_Your Email_email""), ""mochiqbalts@gmail.com"")",Chrome 99.0.4844.74,,,2022-03-20 23:49:39,2022-03-20 23:49:40,1.159s,PASSED
"setText(findTestObject(""Object Repository/Page_Brick Sign Up Form/input_Vietnam (Vit Nam)_phoneNumber""), ""89656505338"")",Chrome 99.0.4844.74,,,2022-03-20 23:49:40,2022-03-20 23:49:42,1.443s,PASSED
"setText(findTestObject(""Object Repository/Page_Brick Sign Up Form/input_Your Address_address""), ""Bandung"")",Chrome 99.0.4844.74,,,2022-03-20 23:49:42,2022-03-20 23:49:43,1.134s,PASSED
"setText(findTestObject(""Object Repository/Page_Brick Sign Up Form/input_Password_password""), ""Password123"")",Chrome 99.0.4844.74,,,2022-03-20 23:49:43,2022-03-20 23:49:44,1.190s,PASSED
"setText(findTestObject(""Object Repository/Page_Brick Sign Up Form/input_Confirm Password_confirm_password""), ""Password123"")",Chrome 99.0.4844.74,,,2022-03-20 23:49:44,2022-03-20 23:49:45,1.237s,PASSED
"click(findTestObject(""Object Repository/Page_Brick Sign Up Form/input_Confirm Password_register""))",Chrome 99.0.4844.74,,,2022-03-20 23:49:45,2022-03-20 23:49:47,1.804s,PASSED
"verifyElementPresent(findTestObject(""Object Repository/Page_Brick Sign Up Form/div_Email has been taken""), 1)",Chrome 99.0.4844.74,,,2022-03-20 23:49:47,2022-03-20 23:49:48,0.751s,PASSED
"verifyTextPresent(""Error"", true)",Chrome 99.0.4844.74,,,2022-03-20 23:49:48,2022-03-20 23:49:48,0.404s,PASSED
"click(findTestObject(""Object Repository/Page_Brick Sign Up Form/button_OK""))",Chrome 99.0.4844.74,,,2022-03-20 23:49:48,2022-03-20 23:49:49,0.660s,PASSED
,,,,,,,
Test Cases/Register failed - All fields empty,Chrome 99.0.4844.74,,,2022-03-20 23:49:49,2022-03-20 23:49:55,5.650s,PASSED
"navigateToUrl(""https://brick-qa-assignment.herokuapp.com/"")",Chrome 99.0.4844.74,,,2022-03-20 23:49:51,2022-03-20 23:49:52,0.841s,PASSED
"click(findTestObject(""Object Repository/Page_Brick Sign Up Form/input_Confirm Password_register""))",Chrome 99.0.4844.74,,,2022-03-20 23:49:52,2022-03-20 23:49:52,0.720s,PASSED
"verifyElementPresent(findTestObject(""Object Repository/Page_Brick Sign Up Form/label_Please enter a firstname""), 1)",Chrome 99.0.4844.74,,,2022-03-20 23:49:52,2022-03-20 23:49:53,0.555s,PASSED
"verifyElementPresent(findTestObject(""Object Repository/Page_Brick Sign Up Form/label_Please enter a lastname""), 1)",Chrome 99.0.4844.74,,,2022-03-20 23:49:53,2022-03-20 23:49:53,0.549s,PASSED
"verifyElementPresent(findTestObject(""Object Repository/Page_Brick Sign Up Form/label_Please provide an email""), 1)",Chrome 99.0.4844.74,,,2022-03-20 23:49:53,2022-03-20 23:49:54,0.505s,PASSED
"verifyElementPresent(findTestObject(""Object Repository/Page_Brick Sign Up Form/label_Please enter a password""), 1)",Chrome 99.0.4844.74,,,2022-03-20 23:49:54,2022-03-20 23:49:54,0.632s,PASSED
,,,,,,,
Test Cases/Register failed - Password does not meet requirement,Chrome 99.0.4844.74,,,2022-03-20 23:49:55,2022-03-20 23:50:07,12.303s,PASSED
"navigateToUrl(""https://brick-qa-assignment.herokuapp.com/"")",Chrome 99.0.4844.74,,,2022-03-20 23:49:57,2022-03-20 23:49:57,0.679s,PASSED
"setText(findTestObject(""Object Repository/Page_Brick Sign Up Form/input_First Name_firstName""), ""mochamad"")",Chrome 99.0.4844.74,,,2022-03-20 23:49:57,2022-03-20 23:49:58,1.111s,PASSED
"setText(findTestObject(""Object Repository/Page_Brick Sign Up Form/input_Last Name_lastName""), ""iqbal"")",Chrome 99.0.4844.74,,,2022-03-20 23:49:58,2022-03-20 23:50:00,1.091s,PASSED
"setText(findTestObject(""Object Repository/Page_Brick Sign Up Form/input_Your Email_email""), ""mochiqbalts@gmail.com"")",Chrome 99.0.4844.74,,,2022-03-20 23:50:00,2022-03-20 23:50:01,1.188s,PASSED
"setText(findTestObject(""Object Repository/Page_Brick Sign Up Form/input_Vietnam (Vit Nam)_phoneNumber""), ""89656505338"")",Chrome 99.0.4844.74,,,2022-03-20 23:50:01,2022-03-20 23:50:02,1.309s,PASSED
"setText(findTestObject(""Object Repository/Page_Brick Sign Up Form/input_Your Address_address""), ""Bandung"")",Chrome 99.0.4844.74,,,2022-03-20 23:50:02,2022-03-20 23:50:03,1.091s,PASSED
"setText(findTestObject(""Object Repository/Page_Brick Sign Up Form/input_Password_password""), ""Pass"")",Chrome 99.0.4844.74,,,2022-03-20 23:50:03,2022-03-20 23:50:04,1.089s,PASSED
"setText(findTestObject(""Object Repository/Page_Brick Sign Up Form/input_Confirm Password_confirm_password""), ""Pass"")",Chrome 99.0.4844.74,,,2022-03-20 23:50:04,2022-03-20 23:50:06,1.404s,PASSED
"click(findTestObject(""Object Repository/Page_Brick Sign Up Form/input_Confirm Password_register""))",Chrome 99.0.4844.74,,,2022-03-20 23:50:06,2022-03-20 23:50:06,0.686s,PASSED
"verifyTextPresent(""Please enter at least 6 characters."", true)",Chrome 99.0.4844.74,,,2022-03-20 23:50:06,2022-03-20 23:50:07,0.489s,PASSED
,,,,,,,
Test Cases/Register failed - Phone number is empty,Chrome 99.0.4844.74,,,2022-03-20 23:50:07,2022-03-20 23:50:19,11.952s,FAILED
"navigateToUrl(""https://brick-qa-assignment.herokuapp.com/"")",Chrome 99.0.4844.74,,,2022-03-20 23:50:08,2022-03-20 23:50:09,0.646s,PASSED
"setText(findTestObject(""Object Repository/Page_Brick Sign Up Form/input_First Name_firstName""), ""mochamad"")",Chrome 99.0.4844.74,,,2022-03-20 23:50:09,2022-03-20 23:50:10,1.329s,PASSED
"setText(findTestObject(""Object Repository/Page_Brick Sign Up Form/input_Last Name_lastName""), ""iqbal"")",Chrome 99.0.4844.74,,,2022-03-20 23:50:10,2022-03-20 23:50:11,1.047s,PASSED
"setText(findTestObject(""Object Repository/Page_Brick Sign Up Form/input_Your Email_email""), ""testing001003@gmail.com"")",Chrome 99.0.4844.74,,,2022-03-20 23:50:11,2022-03-20 23:50:12,1.111s,PASSED
"setText(findTestObject(""Object Repository/Page_Brick Sign Up Form/input_Vietnam (Vit Nam)_phoneNumber""), """")",Chrome 99.0.4844.74,,,2022-03-20 23:50:12,2022-03-20 23:50:14,1.192s,PASSED
"setText(findTestObject(""Object Repository/Page_Brick Sign Up Form/input_Your Address_address""), ""Bandung"")",Chrome 99.0.4844.74,,,2022-03-20 23:50:14,2022-03-20 23:50:15,1.188s,PASSED
"setText(findTestObject(""Object Repository/Page_Brick Sign Up Form/input_Password_password""), ""Password"")",Chrome 99.0.4844.74,,,2022-03-20 23:50:15,2022-03-20 23:50:16,1.171s,PASSED
"setText(findTestObject(""Object Repository/Page_Brick Sign Up Form/input_Confirm Password_confirm_password""), ""Password"")",Chrome 99.0.4844.74,,,2022-03-20 23:50:16,2022-03-20 23:50:17,1.133s,PASSED
"click(findTestObject(""Object Repository/Page_Brick Sign Up Form/input_Confirm Password_register""))",Chrome 99.0.4844.74,,,2022-03-20 23:50:17,2022-03-20 23:50:18,0.679s,PASSED
"verifyTextPresent(""Please enter a phone number"", true)",Chrome 99.0.4844.74,,,2022-03-20 23:50:18,2022-03-20 23:50:19,0.991s,FAILED
,,,,,,,
Test Cases/Register failed - Password does not match,Chrome 99.0.4844.74,,,2022-03-20 23:50:19,2022-03-20 23:50:34,14.700s,PASSED
"navigateToUrl(""https://brick-qa-assignment.herokuapp.com/"")",Chrome 99.0.4844.74,,,2022-03-20 23:50:21,2022-03-20 23:50:22,0.793s,PASSED
"setText(findTestObject(""Object Repository/Page_Brick Sign Up Form/input_First Name_firstName""), ""mochamad"")",Chrome 99.0.4844.74,,,2022-03-20 23:50:22,2022-03-20 23:50:23,1.200s,PASSED
"setText(findTestObject(""Object Repository/Page_Brick Sign Up Form/input_Last Name_lastName""), ""iqbal"")",Chrome 99.0.4844.74,,,2022-03-20 23:50:23,2022-03-20 23:50:25,1.895s,PASSED
"setText(findTestObject(""Object Repository/Page_Brick Sign Up Form/input_Your Email_email""), ""mochiqbalts@gmail.com"")",Chrome 99.0.4844.74,,,2022-03-20 23:50:25,2022-03-20 23:50:27,1.393s,PASSED
"setText(findTestObject(""Object Repository/Page_Brick Sign Up Form/input_Vietnam (Vit Nam)_phoneNumber""), ""89656505338"")",Chrome 99.0.4844.74,,,2022-03-20 23:50:27,2022-03-20 23:50:28,1.430s,PASSED
"setText(findTestObject(""Object Repository/Page_Brick Sign Up Form/input_Your Address_address""), ""Bandung"")",Chrome 99.0.4844.74,,,2022-03-20 23:50:28,2022-03-20 23:50:29,1.266s,PASSED
"setText(findTestObject(""Object Repository/Page_Brick Sign Up Form/input_Password_password""), ""Pass"")",Chrome 99.0.4844.74,,,2022-03-20 23:50:29,2022-03-20 23:50:31,1.264s,PASSED
"setText(findTestObject(""Object Repository/Page_Brick Sign Up Form/input_Confirm Password_confirm_password""), ""Password"")",Chrome 99.0.4844.74,,,2022-03-20 23:50:31,2022-03-20 23:50:32,1.262s,PASSED
"click(findTestObject(""Object Repository/Page_Brick Sign Up Form/input_Confirm Password_register""))",Chrome 99.0.4844.74,,,2022-03-20 23:50:32,2022-03-20 23:50:33,0.850s,PASSED
"verifyTextPresent(""Password need to match"", true)",Chrome 99.0.4844.74,,,2022-03-20 23:50:33,2022-03-20 23:50:34,0.663s,PASSED
,,,,,,,
Test Cases/Register failed - Phone number already exist,Chrome 99.0.4844.74,,,2022-03-20 23:50:34,2022-03-20 23:50:48,14.051s,FAILED
"navigateToUrl(""https://brick-qa-assignment.herokuapp.com/"")",Chrome 99.0.4844.74,,,2022-03-20 23:50:36,2022-03-20 23:50:37,0.884s,PASSED
"setText(findTestObject(""Object Repository/Page_Brick Sign Up Form/input_First Name_firstName""), ""mochamad"")",Chrome 99.0.4844.74,,,2022-03-20 23:50:37,2022-03-20 23:50:38,1.136s,PASSED
"setText(findTestObject(""Object Repository/Page_Brick Sign Up Form/input_Last Name_lastName""), ""iqbal"")",Chrome 99.0.4844.74,,,2022-03-20 23:50:38,2022-03-20 23:50:39,1.119s,PASSED
"setText(findTestObject(""Object Repository/Page_Brick Sign Up Form/input_Your Email_email""), ""testing001004@gmail.com"")",Chrome 99.0.4844.74,,,2022-03-20 23:50:39,2022-03-20 23:50:40,1.206s,PASSED
"setText(findTestObject(""Object Repository/Page_Brick Sign Up Form/input_Vietnam (Vit Nam)_phoneNumber""), ""89656505338"")",Chrome 99.0.4844.74,,,2022-03-20 23:50:40,2022-03-20 23:50:42,1.359s,PASSED
"setText(findTestObject(""Object Repository/Page_Brick Sign Up Form/input_Your Address_address""), ""Bandung"")",Chrome 99.0.4844.74,,,2022-03-20 23:50:42,2022-03-20 23:50:43,1.020s,PASSED
"setText(findTestObject(""Object Repository/Page_Brick Sign Up Form/input_Password_password""), ""Password123"")",Chrome 99.0.4844.74,,,2022-03-20 23:50:43,2022-03-20 23:50:44,1.068s,PASSED
"setText(findTestObject(""Object Repository/Page_Brick Sign Up Form/input_Confirm Password_confirm_password""), ""Password123"")",Chrome 99.0.4844.74,,,2022-03-20 23:50:44,2022-03-20 23:50:45,1.205s,PASSED
"click(findTestObject(""Object Repository/Page_Brick Sign Up Form/input_Confirm Password_register""))",Chrome 99.0.4844.74,,,2022-03-20 23:50:45,2022-03-20 23:50:47,1.720s,PASSED
"verifyTextPresent(""Error"", true)",Chrome 99.0.4844.74,,,2022-03-20 23:50:47,2022-03-20 23:50:48,0.948s,FAILED
,,,,,,,
Test Cases/Register failed - Invalid email address,Chrome 99.0.4844.74,,,2022-03-20 23:50:48,2022-03-20 23:50:50,1.951s,FAILED
"navigateToUrl(null).call(""https://brick-qa-assignment.herokuapp.com/"")",Chrome 99.0.4844.74,,,2022-03-20 23:50:49,2022-03-20 23:50:50,0.264s,FAILED
,,,,,,,
Test Cases/Register success - Optional field empty,Chrome 99.0.4844.74,,,2022-03-20 23:50:50,2022-03-20 23:50:52,1.986s,FAILED
"navigateToUrl(null).call(""https://brick-qa-assignment.herokuapp.com/"")",Chrome 99.0.4844.74,,,2022-03-20 23:50:51,2022-03-20 23:50:52,0.220s,FAILED
,,,,,,,
Test Cases/Register failed - Phone number less than 9 digits,Chrome 99.0.4844.74,,,2022-03-20 23:50:52,2022-03-20 23:51:17,25.906s,FAILED
"navigateToUrl(""https://brick-qa-assignment.herokuapp.com/"")",Chrome 99.0.4844.74,,,2022-03-20 23:50:54,2022-03-20 23:50:55,1.103s,PASSED
"setText(findTestObject(""Object Repository/Page_Brick Sign Up Form/input_First Name_firstName""), ""mochamad"")",Chrome 99.0.4844.74,,,2022-03-20 23:50:55,2022-03-20 23:50:57,1.504s,PASSED
"setText(findTestObject(""Object Repository/Page_Brick Sign Up Form/input_Last Name_lastName""), ""iqbal"")",Chrome 99.0.4844.74,,,2022-03-20 23:50:57,2022-03-20 23:50:58,1.282s,PASSED
"setText(findTestObject(""Object Repository/Page_Brick Sign Up Form/input_Your Email_email""), ""tetsing001005@gmail.com"")",Chrome 99.0.4844.74,,,2022-03-20 23:50:58,2022-03-20 23:50:59,1.546s,PASSED
"setText(findTestObject(""Object Repository/Page_Brick Sign Up Form/input_Vietnam (Vit Nam)_phoneNumber""), ""896565"")",Chrome 99.0.4844.74,,,2022-03-20 23:50:59,2022-03-20 23:51:01,1.460s,PASSED
"setText(findTestObject(""Object Repository/Page_Brick Sign Up Form/input_Your Address_address""), ""Bandung"")",Chrome 99.0.4844.74,,,2022-03-20 23:51:01,2022-03-20 23:51:02,1.212s,PASSED
"setText(findTestObject(""Object Repository/Page_Brick Sign Up Form/input_Password_password""), ""Password"")",Chrome 99.0.4844.74,,,2022-03-20 23:51:02,2022-03-20 23:51:03,1.049s,PASSED
"setText(findTestObject(""Object Repository/Page_Brick Sign Up Form/input_Confirm Password_confirm_password""), ""Password"")",Chrome 99.0.4844.74,,,2022-03-20 23:51:03,2022-03-20 23:51:15,11.424s,PASSED
"click(findTestObject(""Object Repository/Page_Brick Sign Up Form/input_Confirm Password_register""))",Chrome 99.0.4844.74,,,2022-03-20 23:51:15,2022-03-20 23:51:17,2.015s,PASSED
"verifyTextPresent(""Please enter a valid phone number"", true)",Chrome 99.0.4844.74,,,2022-03-20 23:51:17,2022-03-20 23:51:17,0.841s,FAILED
,,,,,,,
Test Cases/Register failed - Phone number more than 15 digits,Chrome 99.0.4844.74,,,2022-03-20 23:51:17,2022-03-20 23:51:33,15.501s,FAILED
"navigateToUrl(""https://brick-qa-assignment.herokuapp.com/"")",Chrome 99.0.4844.74,,,2022-03-20 23:51:19,2022-03-20 23:51:20,1.096s,PASSED
"setText(findTestObject(""Object Repository/Page_Brick Sign Up Form/input_First Name_firstName""), ""mochamad"")",Chrome 99.0.4844.74,,,2022-03-20 23:51:20,2022-03-20 23:51:22,1.175s,PASSED
"setText(findTestObject(""Object Repository/Page_Brick Sign Up Form/input_Last Name_lastName""), ""iqbal"")",Chrome 99.0.4844.74,,,2022-03-20 23:51:22,2022-03-20 23:51:23,1.175s,PASSED
"setText(findTestObject(""Object Repository/Page_Brick Sign Up Form/input_Your Email_email""), ""testing001006@gmail.com"")",Chrome 99.0.4844.74,,,2022-03-20 23:51:23,2022-03-20 23:51:24,1.500s,PASSED
"setText(findTestObject(""Object Repository/Page_Brick Sign Up Form/input_Vietnam (Vit Nam)_phoneNumber""), ""896565053381234567890"")",Chrome 99.0.4844.74,,,2022-03-20 23:51:24,2022-03-20 23:51:26,1.692s,PASSED
"setText(findTestObject(""Object Repository/Page_Brick Sign Up Form/input_Your Address_address""), ""Bandung"")",Chrome 99.0.4844.74,,,2022-03-20 23:51:26,2022-03-20 23:51:27,1.306s,PASSED
"setText(findTestObject(""Object Repository/Page_Brick Sign Up Form/input_Password_password""), ""Password"")",Chrome 99.0.4844.74,,,2022-03-20 23:51:27,2022-03-20 23:51:29,1.506s,PASSED
"setText(findTestObject(""Object Repository/Page_Brick Sign Up Form/input_Confirm Password_confirm_password""), ""Password"")",Chrome 99.0.4844.74,,,2022-03-20 23:51:29,2022-03-20 23:51:30,1.275s,PASSED
"click(findTestObject(""Object Repository/Page_Brick Sign Up Form/input_Confirm Password_register""))",Chrome 99.0.4844.74,,,2022-03-20 23:51:30,2022-03-20 23:51:32,2.150s,PASSED
"verifyTextPresent(""Please enter a valid phone number"", true)",Chrome 99.0.4844.74,,,2022-03-20 23:51:32,2022-03-20 23:51:33,0.759s,FAILED
