Suite/Test/Step Name,Browser,Description,Tag,Start time,End time,Duration,Status
Register,Chrome 99.0.4844.74,,,2022-03-20 22:23:15,2022-03-20 22:23:51,36.658s,ERROR
,,,,,,,
Test Cases/Register success,Chrome 99.0.4844.74,,,2022-03-20 22:23:16,2022-03-20 22:23:42,26.158s,PASSED
"openBrowser(""https://brick-qa-assignment.herokuapp.com/"")",Chrome 99.0.4844.74,,,2022-03-20 22:23:17,2022-03-20 22:23:31,13.694s,PASSED
waitForPageLoad(1),Chrome 99.0.4844.74,,,2022-03-20 22:23:31,2022-03-20 22:23:31,0.369s,PASSED
"setText(findTestObject(""Object Repository/Page_Brick Sign Up Form/input_First Name_firstName""), ""mochamad"")",Chrome 99.0.4844.74,,,2022-03-20 22:23:31,2022-03-20 22:23:33,1.227s,PASSED
"setText(findTestObject(""Object Repository/Page_Brick Sign Up Form/input_Last Name_lastName""), ""iqbal"")",Chrome 99.0.4844.74,,,2022-03-20 22:23:33,2022-03-20 22:23:34,0.967s,PASSED
"setText(findTestObject(""Object Repository/Page_Brick Sign Up Form/input_Your Email_email""), ""somacem337@tonaeto.com"")",Chrome 99.0.4844.74,,,2022-03-20 22:23:34,2022-03-20 22:23:35,0.965s,PASSED
"setText(findTestObject(""Object Repository/Page_Brick Sign Up Form/input_Vietnam (Vit Nam)_phoneNumber""), ""89656505338"")",Chrome 99.0.4844.74,,,2022-03-20 22:23:35,2022-03-20 22:23:36,1.205s,PASSED
"setText(findTestObject(""Object Repository/Page_Brick Sign Up Form/input_Your Address_address""), ""Bandung"")",Chrome 99.0.4844.74,,,2022-03-20 22:23:36,2022-03-20 22:23:37,0.932s,PASSED
"setText(findTestObject(""Object Repository/Page_Brick Sign Up Form/input_Password_password""), ""Password123"")",Chrome 99.0.4844.74,,,2022-03-20 22:23:37,2022-03-20 22:23:38,0.920s,PASSED
"setText(findTestObject(""Object Repository/Page_Brick Sign Up Form/input_Confirm Password_confirm_password""), ""Password123"")",Chrome 99.0.4844.74,,,2022-03-20 22:23:38,2022-03-20 22:23:39,1.084s,PASSED
"click(findTestObject(""Object Repository/Page_Brick Sign Up Form/input_Confirm Password_register""))",Chrome 99.0.4844.74,,,2022-03-20 22:23:39,2022-03-20 22:23:40,1.604s,PASSED
"verifyElementPresent(findTestObject(""Object Repository/Page_Brick Sign Up Form/div_Check your email to confirm your registration""), 1)",Chrome 99.0.4844.74,,,2022-03-20 22:23:40,2022-03-20 22:23:41,0.603s,PASSED
"verifyTextPresent(""Success"", true)",Chrome 99.0.4844.74,,,2022-03-20 22:23:41,2022-03-20 22:23:41,0.384s,PASSED
"click(findTestObject(""Object Repository/Page_Brick Sign Up Form/button_OK""))",Chrome 99.0.4844.74,,,2022-03-20 22:23:41,2022-03-20 22:23:42,0.496s,PASSED
,,,,,,,
Test Cases/Register failed - Email already exist,Chrome 99.0.4844.74,,,2022-03-20 22:23:42,2022-03-20 22:23:51,9.588s,ERROR
"navigateToUrl(""https://brick-qa-assignment.herokuapp.com/"")",Chrome 99.0.4844.74,,,2022-03-20 22:23:43,2022-03-20 22:23:43,0.529s,PASSED
"setText(findTestObject(""Object Repository/Page_Brick Sign Up Form/input_First Name_firstName""), ""mochamad"")",Chrome 99.0.4844.74,,,2022-03-20 22:23:43,2022-03-20 22:23:44,0.907s,PASSED
"setText(findTestObject(""Object Repository/Page_Brick Sign Up Form/input_Last Name_lastName""), ""iqbal"")",Chrome 99.0.4844.74,,,2022-03-20 22:23:44,2022-03-20 22:23:45,0.871s,PASSED
"setText(findTestObject(""Object Repository/Page_Brick Sign Up Form/input_Your Email_email""), ""mochiqbalts@gmail.com"")",Chrome 99.0.4844.74,,,2022-03-20 22:23:45,2022-03-20 22:23:46,0.877s,PASSED
"setText(findTestObject(""Object Repository/Page_Brick Sign Up Form/input_Vietnam (Vit Nam)_phoneNumber""), ""89656505338"")",Chrome 99.0.4844.74,,,2022-03-20 22:23:46,2022-03-20 22:23:47,1.092s,PASSED
"setText(findTestObject(""Object Repository/Page_Brick Sign Up Form/input_Your Address_address""), ""Bandung"")",Chrome 99.0.4844.74,,,2022-03-20 22:23:47,2022-03-20 22:23:48,0.882s,PASSED
"setText(findTestObject(""Object Repository/Page_Brick Sign Up Form/input_Password_password""), ""Password123"")",Chrome 99.0.4844.74,,,2022-03-20 22:23:48,2022-03-20 22:23:49,0.885s,PASSED
"setText(findTestObject(""Object Repository/Page_Brick Sign Up Form/input_Confirm Password_confirm_password""), ""Password123"")",Chrome 99.0.4844.74,,,2022-03-20 22:23:49,2022-03-20 22:23:50,0.864s,PASSED
"click(findTestObject(""Object Repository/Page_Brick Sign Up Form/input_Confirm Password_register""))",Chrome 99.0.4844.74,,,2022-03-20 22:23:50,2022-03-20 22:23:51,1.260s,PASSED
"verifyElementVisible(findTestObject(""Object Repository/Page_Brick Sign Up Form/div_Email has been taken""), true)",Chrome 99.0.4844.74,,,2022-03-20 22:23:51,2022-03-20 22:23:51,0.424s,ERROR
