Suite/Test/Step Name,Browser,Description,Tag,Start time,End time,Duration,Status
Registration,Chrome 99.0.4844.74,,,2022-03-20 21:57:04,2022-03-20 21:57:32,28.288s,PASSED
,,,,,,,
Test Cases/Register success,Chrome 99.0.4844.74,,,2022-03-20 21:57:04,2022-03-20 21:57:24,19.573s,PASSED
"openBrowser(""https://brick-qa-assignment.herokuapp.com/"")",Chrome 99.0.4844.74,,,2022-03-20 21:57:05,2022-03-20 21:57:16,10.702s,PASSED
waitForPageLoad(1),Chrome 99.0.4844.74,,,2022-03-20 21:57:16,2022-03-20 21:57:16,0.415s,PASSED
"setText(findTestObject(""Object Repository/Page_Brick Sign Up Form/input_First Name_firstName""), ""mochamad"")",Chrome 99.0.4844.74,,,2022-03-20 21:57:16,2022-03-20 21:57:18,1.338s,PASSED
"setText(findTestObject(""Object Repository/Page_Brick Sign Up Form/input_Last Name_lastName""), ""iqbal"")",Chrome 99.0.4844.74,,,2022-03-20 21:57:18,2022-03-20 21:57:19,1.054s,PASSED
"setText(findTestObject(""Object Repository/Page_Brick Sign Up Form/input_Your Email_email""), ""mochiqbalts@gmail.com"")",Chrome 99.0.4844.74,,,2022-03-20 21:57:19,2022-03-20 21:57:20,0.999s,PASSED
"setText(findTestObject(""Object Repository/Page_Brick Sign Up Form/input_Vietnam (Vit Nam)_phoneNumber""), ""89656505338"")",Chrome 99.0.4844.74,,,2022-03-20 21:57:20,2022-03-20 21:57:21,1.141s,PASSED
"setText(findTestObject(""Object Repository/Page_Brick Sign Up Form/input_Your Address_address""), ""Bandung"")",Chrome 99.0.4844.74,,,2022-03-20 21:57:21,2022-03-20 21:57:22,0.917s,PASSED
"setText(findTestObject(""Object Repository/Page_Brick Sign Up Form/input_Password_password""), ""Password123"")",Chrome 99.0.4844.74,,,2022-03-20 21:57:22,2022-03-20 21:57:23,1.000s,PASSED
"setText(findTestObject(""Object Repository/Page_Brick Sign Up Form/input_Confirm Password_confirm_password""), ""Password123"")",Chrome 99.0.4844.74,,,2022-03-20 21:57:23,2022-03-20 21:57:24,0.953s,PASSED
,,,,,,,
Test Cases/Register failed - Email already exist,Chrome 99.0.4844.74,,,2022-03-20 21:57:24,2022-03-20 21:57:32,8.008s,PASSED
"navigateToUrl(""https://brick-qa-assignment.herokuapp.com/"")",Chrome 99.0.4844.74,,,2022-03-20 21:57:25,2022-03-20 21:57:25,0.567s,PASSED
"setText(findTestObject(""Object Repository/Page_Brick Sign Up Form/input_First Name_firstName""), ""Iqbal"")",Chrome 99.0.4844.74,,,2022-03-20 21:57:25,2022-03-20 21:57:26,0.861s,PASSED
"setText(findTestObject(""Object Repository/Page_Brick Sign Up Form/input_Last Name_lastName""), ""Subandi"")",Chrome 99.0.4844.74,,,2022-03-20 21:57:26,2022-03-20 21:57:27,0.876s,PASSED
"setText(findTestObject(""Object Repository/Page_Brick Sign Up Form/input_Your Email_email""), ""mochiqbalts@gmail.com"")",Chrome 99.0.4844.74,,,2022-03-20 21:57:27,2022-03-20 21:57:28,0.879s,PASSED
"setText(findTestObject(""Object Repository/Page_Brick Sign Up Form/input_Vietnam (Vit Nam)_phoneNumber""), ""89656505338"")",Chrome 99.0.4844.74,,,2022-03-20 21:57:28,2022-03-20 21:57:29,1.098s,PASSED
"setText(findTestObject(""Object Repository/Page_Brick Sign Up Form/input_Your Address_address""), ""Bandung"")",Chrome 99.0.4844.74,,,2022-03-20 21:57:29,2022-03-20 21:57:30,0.886s,PASSED
"setText(findTestObject(""Object Repository/Page_Brick Sign Up Form/input_Password_password""), ""Password123"")",Chrome 99.0.4844.74,,,2022-03-20 21:57:30,2022-03-20 21:57:31,0.879s,PASSED
"setText(findTestObject(""Object Repository/Page_Brick Sign Up Form/input_Confirm Password_confirm_password""), ""Password123"")",Chrome 99.0.4844.74,,,2022-03-20 21:57:31,2022-03-20 21:57:32,0.885s,PASSED
