Suite/Test/Step Name,Browser,Description,Tag,Start time,End time,Duration,Status
Register,Chrome 99.0.4844.74,,,2022-03-20 22:57:03,2022-03-20 22:58:03,1m - 0.394s,FAILED
,,,,,,,
Test Cases/Register success,Chrome 99.0.4844.74,,,2022-03-20 22:57:04,2022-03-20 22:57:30,26.523s,PASSED
"openBrowser(""https://brick-qa-assignment.herokuapp.com/"")",Chrome 99.0.4844.74,,,2022-03-20 22:57:05,2022-03-20 22:57:19,14.147s,PASSED
waitForPageLoad(1),Chrome 99.0.4844.74,,,2022-03-20 22:57:19,2022-03-20 22:57:19,0.476s,PASSED
"setText(findTestObject(""Object Repository/Page_Brick Sign Up Form/input_First Name_firstName""), ""mochamad"")",Chrome 99.0.4844.74,,,2022-03-20 22:57:19,2022-03-20 22:57:21,1.258s,PASSED
"setText(findTestObject(""Object Repository/Page_Brick Sign Up Form/input_Last Name_lastName""), ""iqbal"")",Chrome 99.0.4844.74,,,2022-03-20 22:57:21,2022-03-20 22:57:22,1.136s,PASSED
"setText(findTestObject(""Object Repository/Page_Brick Sign Up Form/input_Your Email_email""), ""somacem334@tonaeto.com"")",Chrome 99.0.4844.74,,,2022-03-20 22:57:22,2022-03-20 22:57:23,0.999s,PASSED
"setText(findTestObject(""Object Repository/Page_Brick Sign Up Form/input_Vietnam (Vit Nam)_phoneNumber""), ""89656505338"")",Chrome 99.0.4844.74,,,2022-03-20 22:57:23,2022-03-20 22:57:24,1.228s,PASSED
"setText(findTestObject(""Object Repository/Page_Brick Sign Up Form/input_Your Address_address""), ""Bandung"")",Chrome 99.0.4844.74,,,2022-03-20 22:57:24,2022-03-20 22:57:25,0.926s,PASSED
"setText(findTestObject(""Object Repository/Page_Brick Sign Up Form/input_Password_password""), ""Password123"")",Chrome 99.0.4844.74,,,2022-03-20 22:57:25,2022-03-20 22:57:26,0.974s,PASSED
"setText(findTestObject(""Object Repository/Page_Brick Sign Up Form/input_Confirm Password_confirm_password""), ""Password123"")",Chrome 99.0.4844.74,,,2022-03-20 22:57:26,2022-03-20 22:57:27,1.028s,PASSED
"click(findTestObject(""Object Repository/Page_Brick Sign Up Form/input_Confirm Password_register""))",Chrome 99.0.4844.74,,,2022-03-20 22:57:27,2022-03-20 22:57:29,1.576s,PASSED
"verifyElementPresent(findTestObject(""Object Repository/Page_Brick Sign Up Form/div_Check your email to confirm your registration""), 1)",Chrome 99.0.4844.74,,,2022-03-20 22:57:29,2022-03-20 22:57:29,0.593s,PASSED
"verifyTextPresent(""Success"", true)",Chrome 99.0.4844.74,,,2022-03-20 22:57:29,2022-03-20 22:57:30,0.398s,PASSED
"click(findTestObject(""Object Repository/Page_Brick Sign Up Form/button_OK""))",Chrome 99.0.4844.74,,,2022-03-20 22:57:30,2022-03-20 22:57:30,0.552s,PASSED
,,,,,,,
Test Cases/Register failed - Email already exist,Chrome 99.0.4844.74,,,2022-03-20 22:57:30,2022-03-20 22:57:41,10.484s,PASSED
"navigateToUrl(""https://brick-qa-assignment.herokuapp.com/"")",Chrome 99.0.4844.74,,,2022-03-20 22:57:31,2022-03-20 22:57:32,0.495s,PASSED
"setText(findTestObject(""Object Repository/Page_Brick Sign Up Form/input_First Name_firstName""), ""mochamad"")",Chrome 99.0.4844.74,,,2022-03-20 22:57:32,2022-03-20 22:57:32,0.887s,PASSED
"setText(findTestObject(""Object Repository/Page_Brick Sign Up Form/input_Last Name_lastName""), ""iqbal"")",Chrome 99.0.4844.74,,,2022-03-20 22:57:32,2022-03-20 22:57:33,0.865s,PASSED
"setText(findTestObject(""Object Repository/Page_Brick Sign Up Form/input_Your Email_email""), ""mochiqbalts@gmail.com"")",Chrome 99.0.4844.74,,,2022-03-20 22:57:33,2022-03-20 22:57:34,0.913s,PASSED
"setText(findTestObject(""Object Repository/Page_Brick Sign Up Form/input_Vietnam (Vit Nam)_phoneNumber""), ""89656505338"")",Chrome 99.0.4844.74,,,2022-03-20 22:57:34,2022-03-20 22:57:35,1.053s,PASSED
"setText(findTestObject(""Object Repository/Page_Brick Sign Up Form/input_Your Address_address""), ""Bandung"")",Chrome 99.0.4844.74,,,2022-03-20 22:57:35,2022-03-20 22:57:36,0.859s,PASSED
"setText(findTestObject(""Object Repository/Page_Brick Sign Up Form/input_Password_password""), ""Password123"")",Chrome 99.0.4844.74,,,2022-03-20 22:57:36,2022-03-20 22:57:37,0.874s,PASSED
"setText(findTestObject(""Object Repository/Page_Brick Sign Up Form/input_Confirm Password_confirm_password""), ""Password123"")",Chrome 99.0.4844.74,,,2022-03-20 22:57:37,2022-03-20 22:57:38,0.879s,PASSED
"click(findTestObject(""Object Repository/Page_Brick Sign Up Form/input_Confirm Password_register""))",Chrome 99.0.4844.74,,,2022-03-20 22:57:38,2022-03-20 22:57:39,1.344s,PASSED
"verifyElementPresent(findTestObject(""Object Repository/Page_Brick Sign Up Form/div_Email has been taken""), 1)",Chrome 99.0.4844.74,,,2022-03-20 22:57:39,2022-03-20 22:57:40,0.516s,PASSED
"verifyTextPresent(""Error"", true)",Chrome 99.0.4844.74,,,2022-03-20 22:57:40,2022-03-20 22:57:40,0.345s,PASSED
"click(findTestObject(""Object Repository/Page_Brick Sign Up Form/button_OK""))",Chrome 99.0.4844.74,,,2022-03-20 22:57:40,2022-03-20 22:57:41,0.497s,PASSED
,,,,,,,
Test Cases/Register failed - All fields empty,Chrome 99.0.4844.74,,,2022-03-20 22:57:41,2022-03-20 22:57:45,4.045s,PASSED
"navigateToUrl(""https://brick-qa-assignment.herokuapp.com/"")",Chrome 99.0.4844.74,,,2022-03-20 22:57:42,2022-03-20 22:57:42,0.514s,PASSED
"click(findTestObject(""Object Repository/Page_Brick Sign Up Form/input_Confirm Password_register""))",Chrome 99.0.4844.74,,,2022-03-20 22:57:42,2022-03-20 22:57:43,0.637s,PASSED
"verifyElementPresent(findTestObject(""Object Repository/Page_Brick Sign Up Form/label_Please enter a firstname""), 1)",Chrome 99.0.4844.74,,,2022-03-20 22:57:43,2022-03-20 22:57:43,0.399s,PASSED
"verifyElementPresent(findTestObject(""Object Repository/Page_Brick Sign Up Form/label_Please enter a lastname""), 1)",Chrome 99.0.4844.74,,,2022-03-20 22:57:43,2022-03-20 22:57:44,0.439s,PASSED
"verifyElementPresent(findTestObject(""Object Repository/Page_Brick Sign Up Form/label_Please provide an email""), 1)",Chrome 99.0.4844.74,,,2022-03-20 22:57:44,2022-03-20 22:57:44,0.453s,PASSED
"verifyElementPresent(findTestObject(""Object Repository/Page_Brick Sign Up Form/label_Please enter a password""), 1)",Chrome 99.0.4844.74,,,2022-03-20 22:57:44,2022-03-20 22:57:45,0.504s,PASSED
,,,,,,,
Test Cases/Register failed - Password does not meet requirement,Chrome 99.0.4844.74,,,2022-03-20 22:57:45,2022-03-20 22:57:54,9.314s,PASSED
"navigateToUrl(""https://brick-qa-assignment.herokuapp.com/"")",Chrome 99.0.4844.74,,,2022-03-20 22:57:46,2022-03-20 22:57:46,0.519s,PASSED
"setText(findTestObject(""Object Repository/Page_Brick Sign Up Form/input_First Name_firstName""), ""mochamad"")",Chrome 99.0.4844.74,,,2022-03-20 22:57:46,2022-03-20 22:57:47,0.911s,PASSED
"setText(findTestObject(""Object Repository/Page_Brick Sign Up Form/input_Last Name_lastName""), ""iqbal"")",Chrome 99.0.4844.74,,,2022-03-20 22:57:47,2022-03-20 22:57:48,0.892s,PASSED
"setText(findTestObject(""Object Repository/Page_Brick Sign Up Form/input_Your Email_email""), ""mochiqbalts@gmail.com"")",Chrome 99.0.4844.74,,,2022-03-20 22:57:48,2022-03-20 22:57:49,0.951s,PASSED
"setText(findTestObject(""Object Repository/Page_Brick Sign Up Form/input_Vietnam (Vit Nam)_phoneNumber""), ""89656505338"")",Chrome 99.0.4844.74,,,2022-03-20 22:57:49,2022-03-20 22:57:50,1.276s,PASSED
"setText(findTestObject(""Object Repository/Page_Brick Sign Up Form/input_Your Address_address""), ""Bandung"")",Chrome 99.0.4844.74,,,2022-03-20 22:57:50,2022-03-20 22:57:51,0.886s,PASSED
"setText(findTestObject(""Object Repository/Page_Brick Sign Up Form/input_Password_password""), ""Pass"")",Chrome 99.0.4844.74,,,2022-03-20 22:57:51,2022-03-20 22:57:52,0.900s,PASSED
"setText(findTestObject(""Object Repository/Page_Brick Sign Up Form/input_Confirm Password_confirm_password""), ""Pass"")",Chrome 99.0.4844.74,,,2022-03-20 22:57:52,2022-03-20 22:57:53,0.922s,PASSED
"click(findTestObject(""Object Repository/Page_Brick Sign Up Form/input_Confirm Password_register""))",Chrome 99.0.4844.74,,,2022-03-20 22:57:53,2022-03-20 22:57:54,0.595s,PASSED
"verifyTextPresent(""Please enter at least 6 characters."", true)",Chrome 99.0.4844.74,,,2022-03-20 22:57:54,2022-03-20 22:57:54,0.477s,PASSED
,,,,,,,
Test Cases/Register failed - Phone number is empty,Chrome 99.0.4844.74,,,2022-03-20 22:57:54,2022-03-20 22:58:03,9.225s,FAILED
"navigateToUrl(""https://brick-qa-assignment.herokuapp.com/"")",Chrome 99.0.4844.74,,,2022-03-20 22:57:55,2022-03-20 22:57:56,0.549s,PASSED
"setText(findTestObject(""Object Repository/Page_Brick Sign Up Form/input_First Name_firstName""), ""mochamad"")",Chrome 99.0.4844.74,,,2022-03-20 22:57:56,2022-03-20 22:57:57,0.919s,PASSED
"setText(findTestObject(""Object Repository/Page_Brick Sign Up Form/input_Last Name_lastName""), ""iqbal"")",Chrome 99.0.4844.74,,,2022-03-20 22:57:57,2022-03-20 22:57:57,0.838s,PASSED
"setText(findTestObject(""Object Repository/Page_Brick Sign Up Form/input_Your Email_email""), ""mochiqbalts@gmail.com"")",Chrome 99.0.4844.74,,,2022-03-20 22:57:57,2022-03-20 22:57:58,0.906s,PASSED
"setText(findTestObject(""Object Repository/Page_Brick Sign Up Form/input_Vietnam (Vit Nam)_phoneNumber""), """")",Chrome 99.0.4844.74,,,2022-03-20 22:57:58,2022-03-20 22:57:59,1.042s,PASSED
"setText(findTestObject(""Object Repository/Page_Brick Sign Up Form/input_Your Address_address""), ""Bandung"")",Chrome 99.0.4844.74,,,2022-03-20 22:57:59,2022-03-20 22:58:00,0.865s,PASSED
"setText(findTestObject(""Object Repository/Page_Brick Sign Up Form/input_Password_password""), ""Password"")",Chrome 99.0.4844.74,,,2022-03-20 22:58:00,2022-03-20 22:58:01,0.854s,PASSED
"setText(findTestObject(""Object Repository/Page_Brick Sign Up Form/input_Confirm Password_confirm_password""), ""Password"")",Chrome 99.0.4844.74,,,2022-03-20 22:58:01,2022-03-20 22:58:02,0.835s,PASSED
"click(findTestObject(""Object Repository/Page_Brick Sign Up Form/input_Confirm Password_register""))",Chrome 99.0.4844.74,,,2022-03-20 22:58:02,2022-03-20 22:58:02,0.513s,PASSED
"verifyTextPresent(""Please enter a phone number"", true)",Chrome 99.0.4844.74,,,2022-03-20 22:58:02,2022-03-20 22:58:03,0.751s,FAILED
