Suite/Test/Step Name,Browser,Description,Tag,Start time,End time,Duration,Status
Register,Chrome 99.0.4844.74,,,2022-03-20 23:14:08,2022-03-20 23:15:32,1m - 23.793s,FAILED
,,,,,,,
Test Cases/Register success,Chrome 99.0.4844.74,,,2022-03-20 23:14:09,2022-03-20 23:14:33,23.855s,PASSED
"openBrowser(""https://brick-qa-assignment.herokuapp.com/"")",Chrome 99.0.4844.74,,,2022-03-20 23:14:10,2022-03-20 23:14:22,11.444s,PASSED
waitForPageLoad(1),Chrome 99.0.4844.74,,,2022-03-20 23:14:22,2022-03-20 23:14:22,0.383s,PASSED
"setText(findTestObject(""Object Repository/Page_Brick Sign Up Form/input_First Name_firstName""), ""mochamad"")",Chrome 99.0.4844.74,,,2022-03-20 23:14:22,2022-03-20 23:14:23,1.209s,PASSED
"setText(findTestObject(""Object Repository/Page_Brick Sign Up Form/input_Last Name_lastName""), ""iqbal"")",Chrome 99.0.4844.74,,,2022-03-20 23:14:23,2022-03-20 23:14:24,0.933s,PASSED
"setText(findTestObject(""Object Repository/Page_Brick Sign Up Form/input_Your Email_email""), ""somacem333@tonaeto.com"")",Chrome 99.0.4844.74,,,2022-03-20 23:14:24,2022-03-20 23:14:26,1.399s,PASSED
"setText(findTestObject(""Object Repository/Page_Brick Sign Up Form/input_Vietnam (Vit Nam)_phoneNumber""), ""89656505338"")",Chrome 99.0.4844.74,,,2022-03-20 23:14:26,2022-03-20 23:14:27,1.273s,PASSED
"setText(findTestObject(""Object Repository/Page_Brick Sign Up Form/input_Your Address_address""), ""Bandung"")",Chrome 99.0.4844.74,,,2022-03-20 23:14:27,2022-03-20 23:14:28,0.965s,PASSED
"setText(findTestObject(""Object Repository/Page_Brick Sign Up Form/input_Password_password""), ""Password123"")",Chrome 99.0.4844.74,,,2022-03-20 23:14:28,2022-03-20 23:14:29,1.008s,PASSED
"setText(findTestObject(""Object Repository/Page_Brick Sign Up Form/input_Confirm Password_confirm_password""), ""Password123"")",Chrome 99.0.4844.74,,,2022-03-20 23:14:29,2022-03-20 23:14:30,0.953s,PASSED
"click(findTestObject(""Object Repository/Page_Brick Sign Up Form/input_Confirm Password_register""))",Chrome 99.0.4844.74,,,2022-03-20 23:14:30,2022-03-20 23:14:31,1.532s,PASSED
"verifyElementPresent(findTestObject(""Object Repository/Page_Brick Sign Up Form/div_Check your email to confirm your registration""), 1)",Chrome 99.0.4844.74,,,2022-03-20 23:14:31,2022-03-20 23:14:32,0.637s,PASSED
"verifyTextPresent(""Success"", true)",Chrome 99.0.4844.74,,,2022-03-20 23:14:32,2022-03-20 23:14:33,0.399s,PASSED
"click(findTestObject(""Object Repository/Page_Brick Sign Up Form/button_OK""))",Chrome 99.0.4844.74,,,2022-03-20 23:14:33,2022-03-20 23:14:33,0.562s,PASSED
,,,,,,,
Test Cases/Register failed - Email already exist,Chrome 99.0.4844.74,,,2022-03-20 23:14:33,2022-03-20 23:14:45,11.764s,PASSED
"navigateToUrl(""https://brick-qa-assignment.herokuapp.com/"")",Chrome 99.0.4844.74,,,2022-03-20 23:14:34,2022-03-20 23:14:35,0.607s,PASSED
"setText(findTestObject(""Object Repository/Page_Brick Sign Up Form/input_First Name_firstName""), ""mochamad"")",Chrome 99.0.4844.74,,,2022-03-20 23:14:35,2022-03-20 23:14:36,0.963s,PASSED
"setText(findTestObject(""Object Repository/Page_Brick Sign Up Form/input_Last Name_lastName""), ""iqbal"")",Chrome 99.0.4844.74,,,2022-03-20 23:14:36,2022-03-20 23:14:37,0.953s,PASSED
"setText(findTestObject(""Object Repository/Page_Brick Sign Up Form/input_Your Email_email""), ""mochiqbalts@gmail.com"")",Chrome 99.0.4844.74,,,2022-03-20 23:14:37,2022-03-20 23:14:38,0.957s,PASSED
"setText(findTestObject(""Object Repository/Page_Brick Sign Up Form/input_Vietnam (Vit Nam)_phoneNumber""), ""89656505338"")",Chrome 99.0.4844.74,,,2022-03-20 23:14:38,2022-03-20 23:14:39,1.198s,PASSED
"setText(findTestObject(""Object Repository/Page_Brick Sign Up Form/input_Your Address_address""), ""Bandung"")",Chrome 99.0.4844.74,,,2022-03-20 23:14:39,2022-03-20 23:14:40,0.904s,PASSED
"setText(findTestObject(""Object Repository/Page_Brick Sign Up Form/input_Password_password""), ""Password123"")",Chrome 99.0.4844.74,,,2022-03-20 23:14:40,2022-03-20 23:14:41,0.922s,PASSED
"setText(findTestObject(""Object Repository/Page_Brick Sign Up Form/input_Confirm Password_confirm_password""), ""Password123"")",Chrome 99.0.4844.74,,,2022-03-20 23:14:41,2022-03-20 23:14:42,0.923s,PASSED
"click(findTestObject(""Object Repository/Page_Brick Sign Up Form/input_Confirm Password_register""))",Chrome 99.0.4844.74,,,2022-03-20 23:14:42,2022-03-20 23:14:43,1.419s,PASSED
"verifyElementPresent(findTestObject(""Object Repository/Page_Brick Sign Up Form/div_Email has been taken""), 1)",Chrome 99.0.4844.74,,,2022-03-20 23:14:43,2022-03-20 23:14:44,0.634s,PASSED
"verifyTextPresent(""Error"", true)",Chrome 99.0.4844.74,,,2022-03-20 23:14:44,2022-03-20 23:14:44,0.368s,PASSED
"click(findTestObject(""Object Repository/Page_Brick Sign Up Form/button_OK""))",Chrome 99.0.4844.74,,,2022-03-20 23:14:44,2022-03-20 23:14:45,0.529s,PASSED
,,,,,,,
Test Cases/Register failed - All fields empty,Chrome 99.0.4844.74,,,2022-03-20 23:14:45,2022-03-20 23:14:49,4.381s,PASSED
"navigateToUrl(""https://brick-qa-assignment.herokuapp.com/"")",Chrome 99.0.4844.74,,,2022-03-20 23:14:46,2022-03-20 23:14:47,0.578s,PASSED
"click(findTestObject(""Object Repository/Page_Brick Sign Up Form/input_Confirm Password_register""))",Chrome 99.0.4844.74,,,2022-03-20 23:14:47,2022-03-20 23:14:47,0.595s,PASSED
"verifyElementPresent(findTestObject(""Object Repository/Page_Brick Sign Up Form/label_Please enter a firstname""), 1)",Chrome 99.0.4844.74,,,2022-03-20 23:14:47,2022-03-20 23:14:48,0.446s,PASSED
"verifyElementPresent(findTestObject(""Object Repository/Page_Brick Sign Up Form/label_Please enter a lastname""), 1)",Chrome 99.0.4844.74,,,2022-03-20 23:14:48,2022-03-20 23:14:48,0.454s,PASSED
"verifyElementPresent(findTestObject(""Object Repository/Page_Brick Sign Up Form/label_Please provide an email""), 1)",Chrome 99.0.4844.74,,,2022-03-20 23:14:48,2022-03-20 23:14:49,0.469s,PASSED
"verifyElementPresent(findTestObject(""Object Repository/Page_Brick Sign Up Form/label_Please enter a password""), 1)",Chrome 99.0.4844.74,,,2022-03-20 23:14:49,2022-03-20 23:14:49,0.532s,PASSED
,,,,,,,
Test Cases/Register failed - Password does not meet requirement,Chrome 99.0.4844.74,,,2022-03-20 23:14:49,2022-03-20 23:14:59,9.417s,PASSED
"navigateToUrl(""https://brick-qa-assignment.herokuapp.com/"")",Chrome 99.0.4844.74,,,2022-03-20 23:14:50,2022-03-20 23:14:51,0.586s,PASSED
"setText(findTestObject(""Object Repository/Page_Brick Sign Up Form/input_First Name_firstName""), ""mochamad"")",Chrome 99.0.4844.74,,,2022-03-20 23:14:51,2022-03-20 23:14:52,0.932s,PASSED
"setText(findTestObject(""Object Repository/Page_Brick Sign Up Form/input_Last Name_lastName""), ""iqbal"")",Chrome 99.0.4844.74,,,2022-03-20 23:14:52,2022-03-20 23:14:53,0.871s,PASSED
"setText(findTestObject(""Object Repository/Page_Brick Sign Up Form/input_Your Email_email""), ""mochiqbalts@gmail.com"")",Chrome 99.0.4844.74,,,2022-03-20 23:14:53,2022-03-20 23:14:54,0.930s,PASSED
"setText(findTestObject(""Object Repository/Page_Brick Sign Up Form/input_Vietnam (Vit Nam)_phoneNumber""), ""89656505338"")",Chrome 99.0.4844.74,,,2022-03-20 23:14:54,2022-03-20 23:14:55,1.185s,PASSED
"setText(findTestObject(""Object Repository/Page_Brick Sign Up Form/input_Your Address_address""), ""Bandung"")",Chrome 99.0.4844.74,,,2022-03-20 23:14:55,2022-03-20 23:14:56,0.859s,PASSED
"setText(findTestObject(""Object Repository/Page_Brick Sign Up Form/input_Password_password""), ""Pass"")",Chrome 99.0.4844.74,,,2022-03-20 23:14:56,2022-03-20 23:14:57,0.870s,PASSED
"setText(findTestObject(""Object Repository/Page_Brick Sign Up Form/input_Confirm Password_confirm_password""), ""Pass"")",Chrome 99.0.4844.74,,,2022-03-20 23:14:57,2022-03-20 23:14:58,0.875s,PASSED
"click(findTestObject(""Object Repository/Page_Brick Sign Up Form/input_Confirm Password_register""))",Chrome 99.0.4844.74,,,2022-03-20 23:14:58,2022-03-20 23:14:58,0.530s,PASSED
"verifyTextPresent(""Please enter at least 6 characters."", true)",Chrome 99.0.4844.74,,,2022-03-20 23:14:58,2022-03-20 23:14:59,0.553s,PASSED
,,,,,,,
Test Cases/Register failed - Phone number is empty,Chrome 99.0.4844.74,,,2022-03-20 23:14:59,2022-03-20 23:15:08,9.214s,FAILED
"navigateToUrl(""https://brick-qa-assignment.herokuapp.com/"")",Chrome 99.0.4844.74,,,2022-03-20 23:15:00,2022-03-20 23:15:00,0.506s,PASSED
"setText(findTestObject(""Object Repository/Page_Brick Sign Up Form/input_First Name_firstName""), ""mochamad"")",Chrome 99.0.4844.74,,,2022-03-20 23:15:00,2022-03-20 23:15:01,0.911s,PASSED
"setText(findTestObject(""Object Repository/Page_Brick Sign Up Form/input_Last Name_lastName""), ""iqbal"")",Chrome 99.0.4844.74,,,2022-03-20 23:15:01,2022-03-20 23:15:02,0.853s,PASSED
"setText(findTestObject(""Object Repository/Page_Brick Sign Up Form/input_Your Email_email""), ""mochiqbalts@gmail.com"")",Chrome 99.0.4844.74,,,2022-03-20 23:15:02,2022-03-20 23:15:03,0.890s,PASSED
"setText(findTestObject(""Object Repository/Page_Brick Sign Up Form/input_Vietnam (Vit Nam)_phoneNumber""), """")",Chrome 99.0.4844.74,,,2022-03-20 23:15:03,2022-03-20 23:15:04,1.066s,PASSED
"setText(findTestObject(""Object Repository/Page_Brick Sign Up Form/input_Your Address_address""), ""Bandung"")",Chrome 99.0.4844.74,,,2022-03-20 23:15:04,2022-03-20 23:15:05,0.917s,PASSED
"setText(findTestObject(""Object Repository/Page_Brick Sign Up Form/input_Password_password""), ""Password"")",Chrome 99.0.4844.74,,,2022-03-20 23:15:05,2022-03-20 23:15:06,0.863s,PASSED
"setText(findTestObject(""Object Repository/Page_Brick Sign Up Form/input_Confirm Password_confirm_password""), ""Password"")",Chrome 99.0.4844.74,,,2022-03-20 23:15:06,2022-03-20 23:15:07,0.846s,PASSED
"click(findTestObject(""Object Repository/Page_Brick Sign Up Form/input_Confirm Password_register""))",Chrome 99.0.4844.74,,,2022-03-20 23:15:07,2022-03-20 23:15:07,0.533s,PASSED
"verifyTextPresent(""Please enter a phone number"", true)",Chrome 99.0.4844.74,,,2022-03-20 23:15:07,2022-03-20 23:15:08,0.631s,FAILED
,,,,,,,
Test Cases/Register failed - Password does not match,Chrome 99.0.4844.74,,,2022-03-20 23:15:08,2022-03-20 23:15:17,9.179s,PASSED
"navigateToUrl(""https://brick-qa-assignment.herokuapp.com/"")",Chrome 99.0.4844.74,,,2022-03-20 23:15:09,2022-03-20 23:15:10,0.560s,PASSED
"setText(findTestObject(""Object Repository/Page_Brick Sign Up Form/input_First Name_firstName""), ""mochamad"")",Chrome 99.0.4844.74,,,2022-03-20 23:15:10,2022-03-20 23:15:11,0.944s,PASSED
"setText(findTestObject(""Object Repository/Page_Brick Sign Up Form/input_Last Name_lastName""), ""iqbal"")",Chrome 99.0.4844.74,,,2022-03-20 23:15:11,2022-03-20 23:15:11,0.884s,PASSED
"setText(findTestObject(""Object Repository/Page_Brick Sign Up Form/input_Your Email_email""), ""mochiqbalts@gmail.com"")",Chrome 99.0.4844.74,,,2022-03-20 23:15:11,2022-03-20 23:15:12,0.884s,PASSED
"setText(findTestObject(""Object Repository/Page_Brick Sign Up Form/input_Vietnam (Vit Nam)_phoneNumber""), ""89656505338"")",Chrome 99.0.4844.74,,,2022-03-20 23:15:12,2022-03-20 23:15:13,1.116s,PASSED
"setText(findTestObject(""Object Repository/Page_Brick Sign Up Form/input_Your Address_address""), ""Bandung"")",Chrome 99.0.4844.74,,,2022-03-20 23:15:13,2022-03-20 23:15:14,0.839s,PASSED
"setText(findTestObject(""Object Repository/Page_Brick Sign Up Form/input_Password_password""), ""Pass"")",Chrome 99.0.4844.74,,,2022-03-20 23:15:14,2022-03-20 23:15:15,0.834s,PASSED
"setText(findTestObject(""Object Repository/Page_Brick Sign Up Form/input_Confirm Password_confirm_password""), ""Password"")",Chrome 99.0.4844.74,,,2022-03-20 23:15:15,2022-03-20 23:15:16,0.903s,PASSED
"click(findTestObject(""Object Repository/Page_Brick Sign Up Form/input_Confirm Password_register""))",Chrome 99.0.4844.74,,,2022-03-20 23:15:16,2022-03-20 23:15:17,0.528s,PASSED
"verifyTextPresent(""Password need to match"", true)",Chrome 99.0.4844.74,,,2022-03-20 23:15:17,2022-03-20 23:15:17,0.541s,PASSED
,,,,,,,
Test Cases/Register failed - Phone number already exist,Chrome 99.0.4844.74,,,2022-03-20 23:15:17,2022-03-20 23:15:27,10.349s,FAILED
"navigateToUrl(""https://brick-qa-assignment.herokuapp.com/"")",Chrome 99.0.4844.74,,,2022-03-20 23:15:18,2022-03-20 23:15:19,0.571s,PASSED
"setText(findTestObject(""Object Repository/Page_Brick Sign Up Form/input_First Name_firstName""), ""mochamad"")",Chrome 99.0.4844.74,,,2022-03-20 23:15:19,2022-03-20 23:15:20,0.996s,PASSED
"setText(findTestObject(""Object Repository/Page_Brick Sign Up Form/input_Last Name_lastName""), ""iqbal"")",Chrome 99.0.4844.74,,,2022-03-20 23:15:20,2022-03-20 23:15:21,0.857s,PASSED
"setText(findTestObject(""Object Repository/Page_Brick Sign Up Form/input_Your Email_email""), ""mochiqbalts002@gmail.com"")",Chrome 99.0.4844.74,,,2022-03-20 23:15:21,2022-03-20 23:15:21,0.915s,PASSED
"setText(findTestObject(""Object Repository/Page_Brick Sign Up Form/input_Vietnam (Vit Nam)_phoneNumber""), ""89656505338"")",Chrome 99.0.4844.74,,,2022-03-20 23:15:21,2022-03-20 23:15:23,1.109s,PASSED
"setText(findTestObject(""Object Repository/Page_Brick Sign Up Form/input_Your Address_address""), ""Bandung"")",Chrome 99.0.4844.74,,,2022-03-20 23:15:23,2022-03-20 23:15:23,0.848s,PASSED
"setText(findTestObject(""Object Repository/Page_Brick Sign Up Form/input_Password_password""), ""Password123"")",Chrome 99.0.4844.74,,,2022-03-20 23:15:23,2022-03-20 23:15:24,0.888s,PASSED
"setText(findTestObject(""Object Repository/Page_Brick Sign Up Form/input_Confirm Password_confirm_password""), ""Password123"")",Chrome 99.0.4844.74,,,2022-03-20 23:15:24,2022-03-20 23:15:25,0.871s,PASSED
"click(findTestObject(""Object Repository/Page_Brick Sign Up Form/input_Confirm Password_register""))",Chrome 99.0.4844.74,,,2022-03-20 23:15:25,2022-03-20 23:15:27,1.571s,PASSED
"verifyTextPresent(""Error"", true)",Chrome 99.0.4844.74,,,2022-03-20 23:15:27,2022-03-20 23:15:27,0.714s,FAILED
,,,,,,,
Test Cases/Register failed - Invalid email address,Chrome 99.0.4844.74,,,2022-03-20 23:15:27,2022-03-20 23:15:32,4.770s,FAILED
"navigateToUrl(""https://brick-qa-assignment.herokuapp.com/"")",Chrome 99.0.4844.74,,,2022-03-20 23:15:29,2022-03-20 23:15:29,0.486s,PASSED
"setText(findTestObject(""Object Repository/Page_Brick Sign Up Form/input_First Name_firstName""), ""mochamad"")",Chrome 99.0.4844.74,,,2022-03-20 23:15:29,2022-03-20 23:15:30,0.919s,PASSED
"setText(findTestObject(""Object Repository/Page_Brick Sign Up Form/input_Last Name_lastName""), ""iqbal"")",Chrome 99.0.4844.74,,,2022-03-20 23:15:30,2022-03-20 23:15:31,0.841s,PASSED
"setText(findTestObject(""Object Repository/Page_Brick Sign Up Form/input_Your Email_email""), ""mochiqbalts@gmail"")",Chrome 99.0.4844.74,,,2022-03-20 23:15:31,2022-03-20 23:15:32,0.886s,PASSED
"verifyTextPresent(""Please enter a valid email address"", true)",Chrome 99.0.4844.74,,,2022-03-20 23:15:32,2022-03-20 23:15:32,0.548s,FAILED
