Suite/Test/Step Name,Browser,Description,Tag,Start time,End time,Duration,Status
Register,Chrome 99.0.4844.74,,,2022-03-20 23:16:54,2022-03-20 23:18:16,1m - 22.226s,FAILED
,,,,,,,
Test Cases/Register success,Chrome 99.0.4844.74,,,2022-03-20 23:16:54,2022-03-20 23:17:19,24.221s,PASSED
"openBrowser(""https://brick-qa-assignment.herokuapp.com/"")",Chrome 99.0.4844.74,,,2022-03-20 23:16:56,2022-03-20 23:17:07,11.704s,PASSED
waitForPageLoad(1),Chrome 99.0.4844.74,,,2022-03-20 23:17:07,2022-03-20 23:17:08,0.541s,PASSED
"setText(findTestObject(""Object Repository/Page_Brick Sign Up Form/input_First Name_firstName""), ""mochamad"")",Chrome 99.0.4844.74,,,2022-03-20 23:17:08,2022-03-20 23:17:09,1.480s,PASSED
"setText(findTestObject(""Object Repository/Page_Brick Sign Up Form/input_Last Name_lastName""), ""iqbal"")",Chrome 99.0.4844.74,,,2022-03-20 23:17:09,2022-03-20 23:17:10,1.200s,PASSED
"setText(findTestObject(""Object Repository/Page_Brick Sign Up Form/input_Your Email_email""), ""somacem332@tonaeto.com"")",Chrome 99.0.4844.74,,,2022-03-20 23:17:10,2022-03-20 23:17:11,0.990s,PASSED
"setText(findTestObject(""Object Repository/Page_Brick Sign Up Form/input_Vietnam (Vit Nam)_phoneNumber""), ""89656505338"")",Chrome 99.0.4844.74,,,2022-03-20 23:17:11,2022-03-20 23:17:13,1.107s,PASSED
"setText(findTestObject(""Object Repository/Page_Brick Sign Up Form/input_Your Address_address""), ""Bandung"")",Chrome 99.0.4844.74,,,2022-03-20 23:17:13,2022-03-20 23:17:13,0.947s,PASSED
"setText(findTestObject(""Object Repository/Page_Brick Sign Up Form/input_Password_password""), ""Password123"")",Chrome 99.0.4844.74,,,2022-03-20 23:17:13,2022-03-20 23:17:14,0.980s,PASSED
"setText(findTestObject(""Object Repository/Page_Brick Sign Up Form/input_Confirm Password_confirm_password""), ""Password123"")",Chrome 99.0.4844.74,,,2022-03-20 23:17:14,2022-03-20 23:17:15,0.975s,PASSED
"click(findTestObject(""Object Repository/Page_Brick Sign Up Form/input_Confirm Password_register""))",Chrome 99.0.4844.74,,,2022-03-20 23:17:15,2022-03-20 23:17:17,1.536s,PASSED
"verifyElementPresent(findTestObject(""Object Repository/Page_Brick Sign Up Form/div_Check your email to confirm your registration""), 1)",Chrome 99.0.4844.74,,,2022-03-20 23:17:17,2022-03-20 23:17:18,0.590s,PASSED
"verifyTextPresent(""Success"", true)",Chrome 99.0.4844.74,,,2022-03-20 23:17:18,2022-03-20 23:17:18,0.396s,PASSED
"click(findTestObject(""Object Repository/Page_Brick Sign Up Form/button_OK""))",Chrome 99.0.4844.74,,,2022-03-20 23:17:18,2022-03-20 23:17:19,0.584s,PASSED
,,,,,,,
Test Cases/Register failed - Email already exist,Chrome 99.0.4844.74,,,2022-03-20 23:17:19,2022-03-20 23:17:30,11.677s,PASSED
"navigateToUrl(""https://brick-qa-assignment.herokuapp.com/"")",Chrome 99.0.4844.74,,,2022-03-20 23:17:20,2022-03-20 23:17:20,0.572s,PASSED
"setText(findTestObject(""Object Repository/Page_Brick Sign Up Form/input_First Name_firstName""), ""mochamad"")",Chrome 99.0.4844.74,,,2022-03-20 23:17:20,2022-03-20 23:17:21,0.861s,PASSED
"setText(findTestObject(""Object Repository/Page_Brick Sign Up Form/input_Last Name_lastName""), ""iqbal"")",Chrome 99.0.4844.74,,,2022-03-20 23:17:21,2022-03-20 23:17:22,0.864s,PASSED
"setText(findTestObject(""Object Repository/Page_Brick Sign Up Form/input_Your Email_email""), ""mochiqbalts@gmail.com"")",Chrome 99.0.4844.74,,,2022-03-20 23:17:22,2022-03-20 23:17:23,1.397s,PASSED
"setText(findTestObject(""Object Repository/Page_Brick Sign Up Form/input_Vietnam (Vit Nam)_phoneNumber""), ""89656505338"")",Chrome 99.0.4844.74,,,2022-03-20 23:17:23,2022-03-20 23:17:25,1.535s,PASSED
"setText(findTestObject(""Object Repository/Page_Brick Sign Up Form/input_Your Address_address""), ""Bandung"")",Chrome 99.0.4844.74,,,2022-03-20 23:17:25,2022-03-20 23:17:26,0.888s,PASSED
"setText(findTestObject(""Object Repository/Page_Brick Sign Up Form/input_Password_password""), ""Password123"")",Chrome 99.0.4844.74,,,2022-03-20 23:17:26,2022-03-20 23:17:27,0.873s,PASSED
"setText(findTestObject(""Object Repository/Page_Brick Sign Up Form/input_Confirm Password_confirm_password""), ""Password123"")",Chrome 99.0.4844.74,,,2022-03-20 23:17:27,2022-03-20 23:17:27,0.884s,PASSED
"click(findTestObject(""Object Repository/Page_Brick Sign Up Form/input_Confirm Password_register""))",Chrome 99.0.4844.74,,,2022-03-20 23:17:27,2022-03-20 23:17:29,1.314s,PASSED
"verifyElementPresent(findTestObject(""Object Repository/Page_Brick Sign Up Form/div_Email has been taken""), 1)",Chrome 99.0.4844.74,,,2022-03-20 23:17:29,2022-03-20 23:17:29,0.589s,PASSED
"verifyTextPresent(""Error"", true)",Chrome 99.0.4844.74,,,2022-03-20 23:17:29,2022-03-20 23:17:30,0.361s,PASSED
"click(findTestObject(""Object Repository/Page_Brick Sign Up Form/button_OK""))",Chrome 99.0.4844.74,,,2022-03-20 23:17:30,2022-03-20 23:17:30,0.496s,PASSED
,,,,,,,
Test Cases/Register failed - All fields empty,Chrome 99.0.4844.74,,,2022-03-20 23:17:30,2022-03-20 23:17:34,4.120s,PASSED
"navigateToUrl(""https://brick-qa-assignment.herokuapp.com/"")",Chrome 99.0.4844.74,,,2022-03-20 23:17:31,2022-03-20 23:17:32,0.527s,PASSED
"click(findTestObject(""Object Repository/Page_Brick Sign Up Form/input_Confirm Password_register""))",Chrome 99.0.4844.74,,,2022-03-20 23:17:32,2022-03-20 23:17:33,0.591s,PASSED
"verifyElementPresent(findTestObject(""Object Repository/Page_Brick Sign Up Form/label_Please enter a firstname""), 1)",Chrome 99.0.4844.74,,,2022-03-20 23:17:33,2022-03-20 23:17:33,0.435s,PASSED
"verifyElementPresent(findTestObject(""Object Repository/Page_Brick Sign Up Form/label_Please enter a lastname""), 1)",Chrome 99.0.4844.74,,,2022-03-20 23:17:33,2022-03-20 23:17:33,0.421s,PASSED
"verifyElementPresent(findTestObject(""Object Repository/Page_Brick Sign Up Form/label_Please provide an email""), 1)",Chrome 99.0.4844.74,,,2022-03-20 23:17:33,2022-03-20 23:17:34,0.449s,PASSED
"verifyElementPresent(findTestObject(""Object Repository/Page_Brick Sign Up Form/label_Please enter a password""), 1)",Chrome 99.0.4844.74,,,2022-03-20 23:17:34,2022-03-20 23:17:34,0.480s,PASSED
,,,,,,,
Test Cases/Register failed - Password does not meet requirement,Chrome 99.0.4844.74,,,2022-03-20 23:17:34,2022-03-20 23:17:43,9.070s,PASSED
"navigateToUrl(""https://brick-qa-assignment.herokuapp.com/"")",Chrome 99.0.4844.74,,,2022-03-20 23:17:35,2022-03-20 23:17:36,0.582s,PASSED
"setText(findTestObject(""Object Repository/Page_Brick Sign Up Form/input_First Name_firstName""), ""mochamad"")",Chrome 99.0.4844.74,,,2022-03-20 23:17:36,2022-03-20 23:17:37,0.944s,PASSED
"setText(findTestObject(""Object Repository/Page_Brick Sign Up Form/input_Last Name_lastName""), ""iqbal"")",Chrome 99.0.4844.74,,,2022-03-20 23:17:37,2022-03-20 23:17:38,0.846s,PASSED
"setText(findTestObject(""Object Repository/Page_Brick Sign Up Form/input_Your Email_email""), ""mochiqbalts@gmail.com"")",Chrome 99.0.4844.74,,,2022-03-20 23:17:38,2022-03-20 23:17:39,0.920s,PASSED
"setText(findTestObject(""Object Repository/Page_Brick Sign Up Form/input_Vietnam (Vit Nam)_phoneNumber""), ""89656505338"")",Chrome 99.0.4844.74,,,2022-03-20 23:17:39,2022-03-20 23:17:40,1.122s,PASSED
"setText(findTestObject(""Object Repository/Page_Brick Sign Up Form/input_Your Address_address""), ""Bandung"")",Chrome 99.0.4844.74,,,2022-03-20 23:17:40,2022-03-20 23:17:41,0.861s,PASSED
"setText(findTestObject(""Object Repository/Page_Brick Sign Up Form/input_Password_password""), ""Pass"")",Chrome 99.0.4844.74,,,2022-03-20 23:17:41,2022-03-20 23:17:41,0.826s,PASSED
"setText(findTestObject(""Object Repository/Page_Brick Sign Up Form/input_Confirm Password_confirm_password""), ""Pass"")",Chrome 99.0.4844.74,,,2022-03-20 23:17:41,2022-03-20 23:17:42,0.880s,PASSED
"click(findTestObject(""Object Repository/Page_Brick Sign Up Form/input_Confirm Password_register""))",Chrome 99.0.4844.74,,,2022-03-20 23:17:42,2022-03-20 23:17:43,0.540s,PASSED
"verifyTextPresent(""Please enter at least 6 characters."", true)",Chrome 99.0.4844.74,,,2022-03-20 23:17:43,2022-03-20 23:17:43,0.543s,PASSED
,,,,,,,
Test Cases/Register failed - Phone number is empty,Chrome 99.0.4844.74,,,2022-03-20 23:17:43,2022-03-20 23:17:52,8.929s,FAILED
"navigateToUrl(""https://brick-qa-assignment.herokuapp.com/"")",Chrome 99.0.4844.74,,,2022-03-20 23:17:44,2022-03-20 23:17:45,0.506s,PASSED
"setText(findTestObject(""Object Repository/Page_Brick Sign Up Form/input_First Name_firstName""), ""mochamad"")",Chrome 99.0.4844.74,,,2022-03-20 23:17:45,2022-03-20 23:17:46,0.889s,PASSED
"setText(findTestObject(""Object Repository/Page_Brick Sign Up Form/input_Last Name_lastName""), ""iqbal"")",Chrome 99.0.4844.74,,,2022-03-20 23:17:46,2022-03-20 23:17:47,0.843s,PASSED
"setText(findTestObject(""Object Repository/Page_Brick Sign Up Form/input_Your Email_email""), ""mochiqbalts@gmail.com"")",Chrome 99.0.4844.74,,,2022-03-20 23:17:47,2022-03-20 23:17:47,0.934s,PASSED
"setText(findTestObject(""Object Repository/Page_Brick Sign Up Form/input_Vietnam (Vit Nam)_phoneNumber""), """")",Chrome 99.0.4844.74,,,2022-03-20 23:17:48,2022-03-20 23:17:49,1.072s,PASSED
"setText(findTestObject(""Object Repository/Page_Brick Sign Up Form/input_Your Address_address""), ""Bandung"")",Chrome 99.0.4844.74,,,2022-03-20 23:17:49,2022-03-20 23:17:49,0.859s,PASSED
"setText(findTestObject(""Object Repository/Page_Brick Sign Up Form/input_Password_password""), ""Password"")",Chrome 99.0.4844.74,,,2022-03-20 23:17:49,2022-03-20 23:17:50,0.864s,PASSED
"setText(findTestObject(""Object Repository/Page_Brick Sign Up Form/input_Confirm Password_confirm_password""), ""Password"")",Chrome 99.0.4844.74,,,2022-03-20 23:17:50,2022-03-20 23:17:51,0.846s,PASSED
"click(findTestObject(""Object Repository/Page_Brick Sign Up Form/input_Confirm Password_register""))",Chrome 99.0.4844.74,,,2022-03-20 23:17:51,2022-03-20 23:17:52,0.527s,PASSED
"verifyTextPresent(""Please enter a phone number"", true)",Chrome 99.0.4844.74,,,2022-03-20 23:17:52,2022-03-20 23:17:52,0.724s,FAILED
,,,,,,,
Test Cases/Register failed - Password does not match,Chrome 99.0.4844.74,,,2022-03-20 23:17:52,2022-03-20 23:18:01,8.827s,PASSED
"navigateToUrl(""https://brick-qa-assignment.herokuapp.com/"")",Chrome 99.0.4844.74,,,2022-03-20 23:17:53,2022-03-20 23:17:54,0.483s,PASSED
"setText(findTestObject(""Object Repository/Page_Brick Sign Up Form/input_First Name_firstName""), ""mochamad"")",Chrome 99.0.4844.74,,,2022-03-20 23:17:54,2022-03-20 23:17:55,0.910s,PASSED
"setText(findTestObject(""Object Repository/Page_Brick Sign Up Form/input_Last Name_lastName""), ""iqbal"")",Chrome 99.0.4844.74,,,2022-03-20 23:17:55,2022-03-20 23:17:56,0.880s,PASSED
"setText(findTestObject(""Object Repository/Page_Brick Sign Up Form/input_Your Email_email""), ""mochiqbalts@gmail.com"")",Chrome 99.0.4844.74,,,2022-03-20 23:17:56,2022-03-20 23:17:56,0.883s,PASSED
"setText(findTestObject(""Object Repository/Page_Brick Sign Up Form/input_Vietnam (Vit Nam)_phoneNumber""), ""89656505338"")",Chrome 99.0.4844.74,,,2022-03-20 23:17:56,2022-03-20 23:17:58,1.087s,PASSED
"setText(findTestObject(""Object Repository/Page_Brick Sign Up Form/input_Your Address_address""), ""Bandung"")",Chrome 99.0.4844.74,,,2022-03-20 23:17:58,2022-03-20 23:17:58,0.857s,PASSED
"setText(findTestObject(""Object Repository/Page_Brick Sign Up Form/input_Password_password""), ""Pass"")",Chrome 99.0.4844.74,,,2022-03-20 23:17:58,2022-03-20 23:17:59,0.853s,PASSED
"setText(findTestObject(""Object Repository/Page_Brick Sign Up Form/input_Confirm Password_confirm_password""), ""Password"")",Chrome 99.0.4844.74,,,2022-03-20 23:17:59,2022-03-20 23:18:00,0.872s,PASSED
"click(findTestObject(""Object Repository/Page_Brick Sign Up Form/input_Confirm Password_register""))",Chrome 99.0.4844.74,,,2022-03-20 23:18:00,2022-03-20 23:18:01,0.493s,PASSED
"verifyTextPresent(""Password need to match"", true)",Chrome 99.0.4844.74,,,2022-03-20 23:18:01,2022-03-20 23:18:01,0.562s,PASSED
,,,,,,,
Test Cases/Register failed - Phone number already exist,Chrome 99.0.4844.74,,,2022-03-20 23:18:01,2022-03-20 23:18:11,9.981s,PASSED
"navigateToUrl(""https://brick-qa-assignment.herokuapp.com/"")",Chrome 99.0.4844.74,,,2022-03-20 23:18:02,2022-03-20 23:18:03,0.498s,PASSED
"setText(findTestObject(""Object Repository/Page_Brick Sign Up Form/input_First Name_firstName""), ""mochamad"")",Chrome 99.0.4844.74,,,2022-03-20 23:18:03,2022-03-20 23:18:04,0.901s,PASSED
"setText(findTestObject(""Object Repository/Page_Brick Sign Up Form/input_Last Name_lastName""), ""iqbal"")",Chrome 99.0.4844.74,,,2022-03-20 23:18:04,2022-03-20 23:18:05,0.888s,PASSED
"setText(findTestObject(""Object Repository/Page_Brick Sign Up Form/input_Your Email_email""), ""mochiqbalts002@gmail.com"")",Chrome 99.0.4844.74,,,2022-03-20 23:18:05,2022-03-20 23:18:05,0.908s,PASSED
"setText(findTestObject(""Object Repository/Page_Brick Sign Up Form/input_Vietnam (Vit Nam)_phoneNumber""), ""89656505338"")",Chrome 99.0.4844.74,,,2022-03-20 23:18:05,2022-03-20 23:18:07,1.162s,PASSED
"setText(findTestObject(""Object Repository/Page_Brick Sign Up Form/input_Your Address_address""), ""Bandung"")",Chrome 99.0.4844.74,,,2022-03-20 23:18:07,2022-03-20 23:18:07,0.882s,PASSED
"setText(findTestObject(""Object Repository/Page_Brick Sign Up Form/input_Password_password""), ""Password123"")",Chrome 99.0.4844.74,,,2022-03-20 23:18:07,2022-03-20 23:18:08,0.861s,PASSED
"setText(findTestObject(""Object Repository/Page_Brick Sign Up Form/input_Confirm Password_confirm_password""), ""Password123"")",Chrome 99.0.4844.74,,,2022-03-20 23:18:08,2022-03-20 23:18:09,0.923s,PASSED
"click(findTestObject(""Object Repository/Page_Brick Sign Up Form/input_Confirm Password_register""))",Chrome 99.0.4844.74,,,2022-03-20 23:18:09,2022-03-20 23:18:11,1.383s,PASSED
"verifyTextPresent(""Error"", true)",Chrome 99.0.4844.74,,,2022-03-20 23:18:11,2022-03-20 23:18:11,0.590s,PASSED
,,,,,,,
Test Cases/Register failed - Invalid email address,Chrome 99.0.4844.74,,,2022-03-20 23:18:11,2022-03-20 23:18:16,4.591s,FAILED
"navigateToUrl(""https://brick-qa-assignment.herokuapp.com/"")",Chrome 99.0.4844.74,,,2022-03-20 23:18:12,2022-03-20 23:18:13,0.499s,PASSED
"setText(findTestObject(""Object Repository/Page_Brick Sign Up Form/input_First Name_firstName""), ""mochamad"")",Chrome 99.0.4844.74,,,2022-03-20 23:18:13,2022-03-20 23:18:13,0.893s,PASSED
"setText(findTestObject(""Object Repository/Page_Brick Sign Up Form/input_Last Name_lastName""), ""iqbal"")",Chrome 99.0.4844.74,,,2022-03-20 23:18:13,2022-03-20 23:18:14,0.864s,PASSED
"setText(findTestObject(""Object Repository/Page_Brick Sign Up Form/input_Your Email_email""), ""mochiqbalts@gmail"")",Chrome 99.0.4844.74,,,2022-03-20 23:18:14,2022-03-20 23:18:15,0.878s,PASSED
"verifyTextPresent(""Please enter a valid email address."", true)",Chrome 99.0.4844.74,,,2022-03-20 23:18:15,2022-03-20 23:18:16,0.570s,FAILED
