Suite/Test/Step Name,Browser,Description,Tag,Start time,End time,Duration,Status
Register,Chrome 99.0.4844.74,,,2022-03-20 22:26:29,2022-03-20 22:27:05,35.966s,PASSED
,,,,,,,
Test Cases/Register success,Chrome 99.0.4844.74,,,2022-03-20 22:26:30,2022-03-20 22:26:54,24.480s,PASSED
"openBrowser(""https://brick-qa-assignment.herokuapp.com/"")",Chrome 99.0.4844.74,,,2022-03-20 22:26:31,2022-03-20 22:26:43,12.008s,PASSED
waitForPageLoad(1),Chrome 99.0.4844.74,,,2022-03-20 22:26:43,2022-03-20 22:26:43,0.368s,PASSED
"setText(findTestObject(""Object Repository/Page_Brick Sign Up Form/input_First Name_firstName""), ""mochamad"")",Chrome 99.0.4844.74,,,2022-03-20 22:26:43,2022-03-20 22:26:44,1.153s,PASSED
"setText(findTestObject(""Object Repository/Page_Brick Sign Up Form/input_Last Name_lastName""), ""iqbal"")",Chrome 99.0.4844.74,,,2022-03-20 22:26:44,2022-03-20 22:26:46,1.050s,PASSED
"setText(findTestObject(""Object Repository/Page_Brick Sign Up Form/input_Your Email_email""), ""somacem335@tonaeto.com"")",Chrome 99.0.4844.74,,,2022-03-20 22:26:46,2022-03-20 22:26:46,0.955s,PASSED
"setText(findTestObject(""Object Repository/Page_Brick Sign Up Form/input_Vietnam (Vit Nam)_phoneNumber""), ""89656505338"")",Chrome 99.0.4844.74,,,2022-03-20 22:26:46,2022-03-20 22:26:48,1.186s,PASSED
"setText(findTestObject(""Object Repository/Page_Brick Sign Up Form/input_Your Address_address""), ""Bandung"")",Chrome 99.0.4844.74,,,2022-03-20 22:26:48,2022-03-20 22:26:49,0.945s,PASSED
"setText(findTestObject(""Object Repository/Page_Brick Sign Up Form/input_Password_password""), ""Password123"")",Chrome 99.0.4844.74,,,2022-03-20 22:26:49,2022-03-20 22:26:50,0.945s,PASSED
"setText(findTestObject(""Object Repository/Page_Brick Sign Up Form/input_Confirm Password_confirm_password""), ""Password123"")",Chrome 99.0.4844.74,,,2022-03-20 22:26:50,2022-03-20 22:26:51,1.095s,PASSED
"click(findTestObject(""Object Repository/Page_Brick Sign Up Form/input_Confirm Password_register""))",Chrome 99.0.4844.74,,,2022-03-20 22:26:51,2022-03-20 22:26:53,2.040s,PASSED
"verifyElementPresent(findTestObject(""Object Repository/Page_Brick Sign Up Form/div_Check your email to confirm your registration""), 1)",Chrome 99.0.4844.74,,,2022-03-20 22:26:53,2022-03-20 22:26:53,0.615s,PASSED
"verifyTextPresent(""Success"", true)",Chrome 99.0.4844.74,,,2022-03-20 22:26:53,2022-03-20 22:26:54,0.379s,PASSED
"click(findTestObject(""Object Repository/Page_Brick Sign Up Form/button_OK""))",Chrome 99.0.4844.74,,,2022-03-20 22:26:54,2022-03-20 22:26:54,0.503s,PASSED
,,,,,,,
Test Cases/Register failed - Email already exist,Chrome 99.0.4844.74,,,2022-03-20 22:26:54,2022-03-20 22:27:05,10.738s,PASSED
"navigateToUrl(""https://brick-qa-assignment.herokuapp.com/"")",Chrome 99.0.4844.74,,,2022-03-20 22:26:55,2022-03-20 22:26:56,0.551s,PASSED
"setText(findTestObject(""Object Repository/Page_Brick Sign Up Form/input_First Name_firstName""), ""mochamad"")",Chrome 99.0.4844.74,,,2022-03-20 22:26:56,2022-03-20 22:26:57,0.899s,PASSED
"setText(findTestObject(""Object Repository/Page_Brick Sign Up Form/input_Last Name_lastName""), ""iqbal"")",Chrome 99.0.4844.74,,,2022-03-20 22:26:57,2022-03-20 22:26:58,0.898s,PASSED
"setText(findTestObject(""Object Repository/Page_Brick Sign Up Form/input_Your Email_email""), ""mochiqbalts@gmail.com"")",Chrome 99.0.4844.74,,,2022-03-20 22:26:58,2022-03-20 22:26:59,0.889s,PASSED
"setText(findTestObject(""Object Repository/Page_Brick Sign Up Form/input_Vietnam (Vit Nam)_phoneNumber""), ""89656505338"")",Chrome 99.0.4844.74,,,2022-03-20 22:26:59,2022-03-20 22:27:00,1.134s,PASSED
"setText(findTestObject(""Object Repository/Page_Brick Sign Up Form/input_Your Address_address""), ""Bandung"")",Chrome 99.0.4844.74,,,2022-03-20 22:27:00,2022-03-20 22:27:00,0.860s,PASSED
"setText(findTestObject(""Object Repository/Page_Brick Sign Up Form/input_Password_password""), ""Password123"")",Chrome 99.0.4844.74,,,2022-03-20 22:27:00,2022-03-20 22:27:01,0.915s,PASSED
"setText(findTestObject(""Object Repository/Page_Brick Sign Up Form/input_Confirm Password_confirm_password""), ""Password123"")",Chrome 99.0.4844.74,,,2022-03-20 22:27:01,2022-03-20 22:27:02,0.872s,PASSED
"click(findTestObject(""Object Repository/Page_Brick Sign Up Form/input_Confirm Password_register""))",Chrome 99.0.4844.74,,,2022-03-20 22:27:02,2022-03-20 22:27:04,1.288s,PASSED
"verifyElementPresent(findTestObject(""Object Repository/Page_Brick Sign Up Form/div_Email has been taken""), 1)",Chrome 99.0.4844.74,,,2022-03-20 22:27:04,2022-03-20 22:27:04,0.543s,PASSED
"verifyTextPresent(""Error"", true)",Chrome 99.0.4844.74,,,2022-03-20 22:27:04,2022-03-20 22:27:04,0.345s,PASSED
"click(findTestObject(""Object Repository/Page_Brick Sign Up Form/button_OK""))",Chrome 99.0.4844.74,,,2022-03-20 22:27:04,2022-03-20 22:27:05,0.500s,PASSED
