Suite/Test/Step Name,Browser,Description,Tag,Start time,End time,Duration,Status
Register,Chrome 99.0.4844.74,,,2022-03-20 23:36:48,2022-03-20 23:39:22,2m - 33.728s,FAILED
,,,,,,,
Test Cases/Register success,Chrome 99.0.4844.74,,,2022-03-20 23:36:49,2022-03-20 23:37:40,50.847s,PASSED
"openBrowser(""https://brick-qa-assignment.herokuapp.com/"")",Chrome 99.0.4844.74,,,2022-03-20 23:36:51,2022-03-20 23:37:20,29.158s,PASSED
waitForPageLoad(1),Chrome 99.0.4844.74,,,2022-03-20 23:37:20,2022-03-20 23:37:26,5.410s,PASSED
"setText(findTestObject(""Object Repository/Page_Brick Sign Up Form/input_First Name_firstName""), ""mochamad"")",Chrome 99.0.4844.74,,,2022-03-20 23:37:26,2022-03-20 23:37:29,2.922s,PASSED
"setText(findTestObject(""Object Repository/Page_Brick Sign Up Form/input_Last Name_lastName""), ""iqbal"")",Chrome 99.0.4844.74,,,2022-03-20 23:37:29,2022-03-20 23:37:30,1.227s,PASSED
"setText(findTestObject(""Object Repository/Page_Brick Sign Up Form/input_Your Email_email""), ""somacem329@tonaeto.com"")",Chrome 99.0.4844.74,,,2022-03-20 23:37:30,2022-03-20 23:37:31,1.218s,PASSED
"setText(findTestObject(""Object Repository/Page_Brick Sign Up Form/input_Vietnam (Vit Nam)_phoneNumber""), ""89656505338"")",Chrome 99.0.4844.74,,,2022-03-20 23:37:31,2022-03-20 23:37:33,1.375s,PASSED
"setText(findTestObject(""Object Repository/Page_Brick Sign Up Form/input_Your Address_address""), ""Bandung"")",Chrome 99.0.4844.74,,,2022-03-20 23:37:33,2022-03-20 23:37:34,1.093s,PASSED
"setText(findTestObject(""Object Repository/Page_Brick Sign Up Form/input_Password_password""), ""Password123"")",Chrome 99.0.4844.74,,,2022-03-20 23:37:34,2022-03-20 23:37:35,1.189s,PASSED
"setText(findTestObject(""Object Repository/Page_Brick Sign Up Form/input_Confirm Password_confirm_password""), ""Password123"")",Chrome 99.0.4844.74,,,2022-03-20 23:37:35,2022-03-20 23:37:36,1.201s,PASSED
"click(findTestObject(""Object Repository/Page_Brick Sign Up Form/input_Confirm Password_register""))",Chrome 99.0.4844.74,,,2022-03-20 23:37:36,2022-03-20 23:37:38,2.000s,PASSED
"verifyElementPresent(findTestObject(""Object Repository/Page_Brick Sign Up Form/div_Check your email to confirm your registration""), 1)",Chrome 99.0.4844.74,,,2022-03-20 23:37:38,2022-03-20 23:37:39,0.900s,PASSED
"verifyTextPresent(""Success"", true)",Chrome 99.0.4844.74,,,2022-03-20 23:37:39,2022-03-20 23:37:40,0.461s,PASSED
"click(findTestObject(""Object Repository/Page_Brick Sign Up Form/button_OK""))",Chrome 99.0.4844.74,,,2022-03-20 23:37:40,2022-03-20 23:37:40,0.691s,PASSED
,,,,,,,
Test Cases/Register failed - Email already exist,Chrome 99.0.4844.74,,,2022-03-20 23:37:40,2022-03-20 23:37:54,13.997s,PASSED
"navigateToUrl(""https://brick-qa-assignment.herokuapp.com/"")",Chrome 99.0.4844.74,,,2022-03-20 23:37:42,2022-03-20 23:37:43,1.026s,PASSED
"setText(findTestObject(""Object Repository/Page_Brick Sign Up Form/input_First Name_firstName""), ""mochamad"")",Chrome 99.0.4844.74,,,2022-03-20 23:37:43,2022-03-20 23:37:44,1.066s,PASSED
"setText(findTestObject(""Object Repository/Page_Brick Sign Up Form/input_Last Name_lastName""), ""iqbal"")",Chrome 99.0.4844.74,,,2022-03-20 23:37:44,2022-03-20 23:37:45,1.003s,PASSED
"setText(findTestObject(""Object Repository/Page_Brick Sign Up Form/input_Your Email_email""), ""mochiqbalts@gmail.com"")",Chrome 99.0.4844.74,,,2022-03-20 23:37:45,2022-03-20 23:37:46,1.072s,PASSED
"setText(findTestObject(""Object Repository/Page_Brick Sign Up Form/input_Vietnam (Vit Nam)_phoneNumber""), ""89656505338"")",Chrome 99.0.4844.74,,,2022-03-20 23:37:46,2022-03-20 23:37:47,1.334s,PASSED
"setText(findTestObject(""Object Repository/Page_Brick Sign Up Form/input_Your Address_address""), ""Bandung"")",Chrome 99.0.4844.74,,,2022-03-20 23:37:48,2022-03-20 23:37:49,1.100s,PASSED
"setText(findTestObject(""Object Repository/Page_Brick Sign Up Form/input_Password_password""), ""Password123"")",Chrome 99.0.4844.74,,,2022-03-20 23:37:49,2022-03-20 23:37:50,1.040s,PASSED
"setText(findTestObject(""Object Repository/Page_Brick Sign Up Form/input_Confirm Password_confirm_password""), ""Password123"")",Chrome 99.0.4844.74,,,2022-03-20 23:37:50,2022-03-20 23:37:51,1.032s,PASSED
"click(findTestObject(""Object Repository/Page_Brick Sign Up Form/input_Confirm Password_register""))",Chrome 99.0.4844.74,,,2022-03-20 23:37:51,2022-03-20 23:37:53,1.781s,PASSED
"verifyElementPresent(findTestObject(""Object Repository/Page_Brick Sign Up Form/div_Email has been taken""), 1)",Chrome 99.0.4844.74,,,2022-03-20 23:37:53,2022-03-20 23:37:53,0.737s,PASSED
"verifyTextPresent(""Error"", true)",Chrome 99.0.4844.74,,,2022-03-20 23:37:53,2022-03-20 23:37:54,0.404s,PASSED
"click(findTestObject(""Object Repository/Page_Brick Sign Up Form/button_OK""))",Chrome 99.0.4844.74,,,2022-03-20 23:37:54,2022-03-20 23:37:54,0.624s,PASSED
,,,,,,,
Test Cases/Register failed - All fields empty,Chrome 99.0.4844.74,,,2022-03-20 23:37:54,2022-03-20 23:38:01,6.712s,PASSED
"navigateToUrl(""https://brick-qa-assignment.herokuapp.com/"")",Chrome 99.0.4844.74,,,2022-03-20 23:37:56,2022-03-20 23:37:57,1.134s,PASSED
"click(findTestObject(""Object Repository/Page_Brick Sign Up Form/input_Confirm Password_register""))",Chrome 99.0.4844.74,,,2022-03-20 23:37:57,2022-03-20 23:37:58,1.058s,PASSED
"verifyElementPresent(findTestObject(""Object Repository/Page_Brick Sign Up Form/label_Please enter a firstname""), 1)",Chrome 99.0.4844.74,,,2022-03-20 23:37:58,2022-03-20 23:37:59,0.830s,PASSED
"verifyElementPresent(findTestObject(""Object Repository/Page_Brick Sign Up Form/label_Please enter a lastname""), 1)",Chrome 99.0.4844.74,,,2022-03-20 23:37:59,2022-03-20 23:38:00,0.719s,PASSED
"verifyElementPresent(findTestObject(""Object Repository/Page_Brick Sign Up Form/label_Please provide an email""), 1)",Chrome 99.0.4844.74,,,2022-03-20 23:38:00,2022-03-20 23:38:00,0.791s,PASSED
"verifyElementPresent(findTestObject(""Object Repository/Page_Brick Sign Up Form/label_Please enter a password""), 1)",Chrome 99.0.4844.74,,,2022-03-20 23:38:00,2022-03-20 23:38:01,0.737s,PASSED
,,,,,,,
Test Cases/Register failed - Password does not meet requirement,Chrome 99.0.4844.74,,,2022-03-20 23:38:01,2022-03-20 23:38:13,11.454s,PASSED
"navigateToUrl(""https://brick-qa-assignment.herokuapp.com/"")",Chrome 99.0.4844.74,,,2022-03-20 23:38:02,2022-03-20 23:38:03,1.238s,PASSED
"setText(findTestObject(""Object Repository/Page_Brick Sign Up Form/input_First Name_firstName""), ""mochamad"")",Chrome 99.0.4844.74,,,2022-03-20 23:38:03,2022-03-20 23:38:04,0.962s,PASSED
"setText(findTestObject(""Object Repository/Page_Brick Sign Up Form/input_Last Name_lastName""), ""iqbal"")",Chrome 99.0.4844.74,,,2022-03-20 23:38:04,2022-03-20 23:38:05,0.960s,PASSED
"setText(findTestObject(""Object Repository/Page_Brick Sign Up Form/input_Your Email_email""), ""mochiqbalts@gmail.com"")",Chrome 99.0.4844.74,,,2022-03-20 23:38:05,2022-03-20 23:38:07,1.338s,PASSED
"setText(findTestObject(""Object Repository/Page_Brick Sign Up Form/input_Vietnam (Vit Nam)_phoneNumber""), ""89656505338"")",Chrome 99.0.4844.74,,,2022-03-20 23:38:07,2022-03-20 23:38:08,1.303s,PASSED
"setText(findTestObject(""Object Repository/Page_Brick Sign Up Form/input_Your Address_address""), ""Bandung"")",Chrome 99.0.4844.74,,,2022-03-20 23:38:08,2022-03-20 23:38:09,1.130s,PASSED
"setText(findTestObject(""Object Repository/Page_Brick Sign Up Form/input_Password_password""), ""Pass"")",Chrome 99.0.4844.74,,,2022-03-20 23:38:09,2022-03-20 23:38:10,1.017s,PASSED
"setText(findTestObject(""Object Repository/Page_Brick Sign Up Form/input_Confirm Password_confirm_password""), ""Pass"")",Chrome 99.0.4844.74,,,2022-03-20 23:38:10,2022-03-20 23:38:11,0.984s,PASSED
"click(findTestObject(""Object Repository/Page_Brick Sign Up Form/input_Confirm Password_register""))",Chrome 99.0.4844.74,,,2022-03-20 23:38:11,2022-03-20 23:38:12,0.647s,PASSED
"verifyTextPresent(""Please enter at least 6 characters."", true)",Chrome 99.0.4844.74,,,2022-03-20 23:38:12,2022-03-20 23:38:13,0.614s,PASSED
,,,,,,,
Test Cases/Register failed - Phone number is empty,Chrome 99.0.4844.74,,,2022-03-20 23:38:13,2022-03-20 23:38:24,11.812s,FAILED
"navigateToUrl(""https://brick-qa-assignment.herokuapp.com/"")",Chrome 99.0.4844.74,,,2022-03-20 23:38:14,2022-03-20 23:38:15,1.210s,PASSED
"setText(findTestObject(""Object Repository/Page_Brick Sign Up Form/input_First Name_firstName""), ""mochamad"")",Chrome 99.0.4844.74,,,2022-03-20 23:38:15,2022-03-20 23:38:16,0.974s,PASSED
"setText(findTestObject(""Object Repository/Page_Brick Sign Up Form/input_Last Name_lastName""), ""iqbal"")",Chrome 99.0.4844.74,,,2022-03-20 23:38:16,2022-03-20 23:38:17,0.994s,PASSED
"setText(findTestObject(""Object Repository/Page_Brick Sign Up Form/input_Your Email_email""), ""mochiqbalts@gmail.com"")",Chrome 99.0.4844.74,,,2022-03-20 23:38:17,2022-03-20 23:38:18,0.928s,PASSED
"setText(findTestObject(""Object Repository/Page_Brick Sign Up Form/input_Vietnam (Vit Nam)_phoneNumber""), """")",Chrome 99.0.4844.74,,,2022-03-20 23:38:18,2022-03-20 23:38:19,1.191s,PASSED
"setText(findTestObject(""Object Repository/Page_Brick Sign Up Form/input_Your Address_address""), ""Bandung"")",Chrome 99.0.4844.74,,,2022-03-20 23:38:19,2022-03-20 23:38:20,1.084s,PASSED
"setText(findTestObject(""Object Repository/Page_Brick Sign Up Form/input_Password_password""), ""Password"")",Chrome 99.0.4844.74,,,2022-03-20 23:38:20,2022-03-20 23:38:21,0.960s,PASSED
"setText(findTestObject(""Object Repository/Page_Brick Sign Up Form/input_Confirm Password_confirm_password""), ""Password"")",Chrome 99.0.4844.74,,,2022-03-20 23:38:21,2022-03-20 23:38:22,0.927s,PASSED
"click(findTestObject(""Object Repository/Page_Brick Sign Up Form/input_Confirm Password_register""))",Chrome 99.0.4844.74,,,2022-03-20 23:38:22,2022-03-20 23:38:23,0.546s,PASSED
"verifyTextPresent(""Please enter a phone number"", true)",Chrome 99.0.4844.74,,,2022-03-20 23:38:23,2022-03-20 23:38:24,1.606s,FAILED
,,,,,,,
Test Cases/Register failed - Password does not match,Chrome 99.0.4844.74,,,2022-03-20 23:38:24,2022-03-20 23:38:36,11.986s,PASSED
"navigateToUrl(""https://brick-qa-assignment.herokuapp.com/"")",Chrome 99.0.4844.74,,,2022-03-20 23:38:26,2022-03-20 23:38:27,1.417s,PASSED
"setText(findTestObject(""Object Repository/Page_Brick Sign Up Form/input_First Name_firstName""), ""mochamad"")",Chrome 99.0.4844.74,,,2022-03-20 23:38:27,2022-03-20 23:38:29,1.260s,PASSED
"setText(findTestObject(""Object Repository/Page_Brick Sign Up Form/input_Last Name_lastName""), ""iqbal"")",Chrome 99.0.4844.74,,,2022-03-20 23:38:29,2022-03-20 23:38:30,0.959s,PASSED
"setText(findTestObject(""Object Repository/Page_Brick Sign Up Form/input_Your Email_email""), ""mochiqbalts@gmail.com"")",Chrome 99.0.4844.74,,,2022-03-20 23:38:30,2022-03-20 23:38:31,1.129s,PASSED
"setText(findTestObject(""Object Repository/Page_Brick Sign Up Form/input_Vietnam (Vit Nam)_phoneNumber""), ""89656505338"")",Chrome 99.0.4844.74,,,2022-03-20 23:38:31,2022-03-20 23:38:32,1.333s,PASSED
"setText(findTestObject(""Object Repository/Page_Brick Sign Up Form/input_Your Address_address""), ""Bandung"")",Chrome 99.0.4844.74,,,2022-03-20 23:38:32,2022-03-20 23:38:33,0.991s,PASSED
"setText(findTestObject(""Object Repository/Page_Brick Sign Up Form/input_Password_password""), ""Pass"")",Chrome 99.0.4844.74,,,2022-03-20 23:38:33,2022-03-20 23:38:34,1.000s,PASSED
"setText(findTestObject(""Object Repository/Page_Brick Sign Up Form/input_Confirm Password_confirm_password""), ""Password"")",Chrome 99.0.4844.74,,,2022-03-20 23:38:34,2022-03-20 23:38:35,1.032s,PASSED
"click(findTestObject(""Object Repository/Page_Brick Sign Up Form/input_Confirm Password_register""))",Chrome 99.0.4844.74,,,2022-03-20 23:38:35,2022-03-20 23:38:36,0.673s,PASSED
"verifyTextPresent(""Password need to match"", true)",Chrome 99.0.4844.74,,,2022-03-20 23:38:36,2022-03-20 23:38:36,0.574s,PASSED
,,,,,,,
Test Cases/Register failed - Phone number already exist,Chrome 99.0.4844.74,,,2022-03-20 23:38:36,2022-03-20 23:38:49,12.853s,FAILED
"navigateToUrl(""https://brick-qa-assignment.herokuapp.com/"")",Chrome 99.0.4844.74,,,2022-03-20 23:38:38,2022-03-20 23:38:40,2.006s,PASSED
"setText(findTestObject(""Object Repository/Page_Brick Sign Up Form/input_First Name_firstName""), ""mochamad"")",Chrome 99.0.4844.74,,,2022-03-20 23:38:40,2022-03-20 23:38:41,1.137s,PASSED
"setText(findTestObject(""Object Repository/Page_Brick Sign Up Form/input_Last Name_lastName""), ""iqbal"")",Chrome 99.0.4844.74,,,2022-03-20 23:38:41,2022-03-20 23:38:42,0.952s,PASSED
"setText(findTestObject(""Object Repository/Page_Brick Sign Up Form/input_Your Email_email""), ""mochiqbalts005@gmail.com"")",Chrome 99.0.4844.74,,,2022-03-20 23:38:42,2022-03-20 23:38:43,0.991s,PASSED
"setText(findTestObject(""Object Repository/Page_Brick Sign Up Form/input_Vietnam (Vit Nam)_phoneNumber""), ""89656505338"")",Chrome 99.0.4844.74,,,2022-03-20 23:38:43,2022-03-20 23:38:44,1.153s,PASSED
"setText(findTestObject(""Object Repository/Page_Brick Sign Up Form/input_Your Address_address""), ""Bandung"")",Chrome 99.0.4844.74,,,2022-03-20 23:38:44,2022-03-20 23:38:45,0.900s,PASSED
"setText(findTestObject(""Object Repository/Page_Brick Sign Up Form/input_Password_password""), ""Password123"")",Chrome 99.0.4844.74,,,2022-03-20 23:38:45,2022-03-20 23:38:46,1.006s,PASSED
"setText(findTestObject(""Object Repository/Page_Brick Sign Up Form/input_Confirm Password_confirm_password""), ""Password123"")",Chrome 99.0.4844.74,,,2022-03-20 23:38:46,2022-03-20 23:38:47,1.045s,PASSED
"click(findTestObject(""Object Repository/Page_Brick Sign Up Form/input_Confirm Password_register""))",Chrome 99.0.4844.74,,,2022-03-20 23:38:47,2022-03-20 23:38:48,1.525s,PASSED
"verifyTextPresent(""Error"", true)",Chrome 99.0.4844.74,,,2022-03-20 23:38:48,2022-03-20 23:38:49,0.875s,FAILED
,,,,,,,
Test Cases/Register failed - Invalid email address,Chrome 99.0.4844.74,,,2022-03-20 23:38:49,2022-03-20 23:38:51,1.370s,FAILED
"navigateToUrl(null).call(""https://brick-qa-assignment.herokuapp.com/"")",Chrome 99.0.4844.74,,,2022-03-20 23:38:50,2022-03-20 23:38:51,0.208s,FAILED
,,,,,,,
Test Cases/Register success - Optional field empty,Chrome 99.0.4844.74,,,2022-03-20 23:38:51,2022-03-20 23:38:52,1.350s,FAILED
"navigateToUrl(null).call(""https://brick-qa-assignment.herokuapp.com/"")",Chrome 99.0.4844.74,,,2022-03-20 23:38:52,2022-03-20 23:38:52,0.232s,FAILED
,,,,,,,
Test Cases/Register failed - Phone number less than 9 digits,Chrome 99.0.4844.74,,,2022-03-20 23:38:52,2022-03-20 23:39:07,14.561s,FAILED
"navigateToUrl(""https://brick-qa-assignment.herokuapp.com/"")",Chrome 99.0.4844.74,,,2022-03-20 23:38:54,2022-03-20 23:38:56,1.549s,PASSED
"setText(findTestObject(""Object Repository/Page_Brick Sign Up Form/input_First Name_firstName""), ""mochamad"")",Chrome 99.0.4844.74,,,2022-03-20 23:38:56,2022-03-20 23:38:57,1.177s,PASSED
"setText(findTestObject(""Object Repository/Page_Brick Sign Up Form/input_Last Name_lastName""), ""iqbal"")",Chrome 99.0.4844.74,,,2022-03-20 23:38:57,2022-03-20 23:38:58,1.004s,PASSED
"setText(findTestObject(""Object Repository/Page_Brick Sign Up Form/input_Your Email_email""), ""mochiqbalts004@gmail.com"")",Chrome 99.0.4844.74,,,2022-03-20 23:38:58,2022-03-20 23:38:59,0.977s,PASSED
"setText(findTestObject(""Object Repository/Page_Brick Sign Up Form/input_Vietnam (Vit Nam)_phoneNumber""), ""896565"")",Chrome 99.0.4844.74,,,2022-03-20 23:38:59,2022-03-20 23:39:00,1.287s,PASSED
"setText(findTestObject(""Object Repository/Page_Brick Sign Up Form/input_Your Address_address""), ""Bandung"")",Chrome 99.0.4844.74,,,2022-03-20 23:39:00,2022-03-20 23:39:01,0.954s,PASSED
"setText(findTestObject(""Object Repository/Page_Brick Sign Up Form/input_Password_password""), ""Password"")",Chrome 99.0.4844.74,,,2022-03-20 23:39:01,2022-03-20 23:39:02,0.944s,PASSED
"setText(findTestObject(""Object Repository/Page_Brick Sign Up Form/input_Confirm Password_confirm_password""), ""Password"")",Chrome 99.0.4844.74,,,2022-03-20 23:39:02,2022-03-20 23:39:03,0.966s,PASSED
"click(findTestObject(""Object Repository/Page_Brick Sign Up Form/input_Confirm Password_register""))",Chrome 99.0.4844.74,,,2022-03-20 23:39:03,2022-03-20 23:39:06,2.832s,PASSED
"verifyTextPresent(""Please enter a valid phone number"", true)",Chrome 99.0.4844.74,,,2022-03-20 23:39:06,2022-03-20 23:39:07,0.841s,FAILED
,,,,,,,
Test Cases/Register failed - Phone number more than 15 digits,Chrome 99.0.4844.74,,,2022-03-20 23:39:07,2022-03-20 23:39:22,15.239s,FAILED
"navigateToUrl(""https://brick-qa-assignment.herokuapp.com/"")",Chrome 99.0.4844.74,,,2022-03-20 23:39:08,2022-03-20 23:39:10,1.751s,PASSED
"setText(findTestObject(""Object Repository/Page_Brick Sign Up Form/input_First Name_firstName""), ""mochamad"")",Chrome 99.0.4844.74,,,2022-03-20 23:39:10,2022-03-20 23:39:11,1.744s,PASSED
"setText(findTestObject(""Object Repository/Page_Brick Sign Up Form/input_Last Name_lastName""), ""iqbal"")",Chrome 99.0.4844.74,,,2022-03-20 23:39:11,2022-03-20 23:39:13,1.508s,PASSED
"setText(findTestObject(""Object Repository/Page_Brick Sign Up Form/input_Your Email_email""), ""mochiqbalts003@gmail.com"")",Chrome 99.0.4844.74,,,2022-03-20 23:39:13,2022-03-20 23:39:14,1.168s,PASSED
"setText(findTestObject(""Object Repository/Page_Brick Sign Up Form/input_Vietnam (Vit Nam)_phoneNumber""), ""896565053381234567890"")",Chrome 99.0.4844.74,,,2022-03-20 23:39:14,2022-03-20 23:39:15,1.235s,PASSED
"setText(findTestObject(""Object Repository/Page_Brick Sign Up Form/input_Your Address_address""), ""Bandung"")",Chrome 99.0.4844.74,,,2022-03-20 23:39:15,2022-03-20 23:39:16,0.913s,PASSED
"setText(findTestObject(""Object Repository/Page_Brick Sign Up Form/input_Password_password""), ""Password"")",Chrome 99.0.4844.74,,,2022-03-20 23:39:16,2022-03-20 23:39:17,1.138s,PASSED
"setText(findTestObject(""Object Repository/Page_Brick Sign Up Form/input_Confirm Password_confirm_password""), ""Password"")",Chrome 99.0.4844.74,,,2022-03-20 23:39:17,2022-03-20 23:39:18,1.153s,PASSED
"click(findTestObject(""Object Repository/Page_Brick Sign Up Form/input_Confirm Password_register""))",Chrome 99.0.4844.74,,,2022-03-20 23:39:18,2022-03-20 23:39:21,2.438s,PASSED
"verifyTextPresent(""Please enter a valid phone number"", true)",Chrome 99.0.4844.74,,,2022-03-20 23:39:21,2022-03-20 23:39:22,0.962s,FAILED
