Suite/Test/Step Name,Browser,Description,Tag,Start time,End time,Duration,Status
Registration,,,,2022-03-20 21:56:15,2022-03-20 21:56:18,2.757s,FAILED
,,,,,,,
Test Cases/Register failed - Email already exist,,,,2022-03-20 21:56:16,2022-03-20 21:56:17,1.865s,FAILED
"navigateToUrl(""https://brick-qa-assignment.herokuapp.com/"")",,,,2022-03-20 21:56:17,2022-03-20 21:56:17,0.830s,FAILED
,,,,,,,
Test Cases/Register failed - Email already exist,,,,2022-03-20 21:56:18,2022-03-20 21:56:18,0.176s,FAILED
"navigateToUrl(""https://brick-qa-assignment.herokuapp.com/"")",,,,2022-03-20 21:56:18,2022-03-20 21:56:18,0.100s,FAILED
