Suite/Test/Step Name,Browser,Description,Tag,Start time,End time,Duration,Status
Register,Chrome 99.0.4844.74,,,2022-03-21 00:00:55,2022-03-21 00:03:16,2m - 20.537s,FAILED
,,,,,,,
Test Cases/Register success,Chrome 99.0.4844.74,,,2022-03-21 00:00:56,2022-03-21 00:01:30,34.108s,PASSED
"openBrowser(""https://brick-qa-assignment.herokuapp.com/"")",Chrome 99.0.4844.74,,,2022-03-21 00:00:57,2022-03-21 00:01:12,14.261s,PASSED
waitForPageLoad(1),Chrome 99.0.4844.74,,,2022-03-21 00:01:12,2022-03-21 00:01:13,0.985s,PASSED
"setText(findTestObject(""Object Repository/Page_Brick Sign Up Form/input_First Name_firstName""), ""mochamad"")",Chrome 99.0.4844.74,,,2022-03-21 00:01:13,2022-03-21 00:01:15,2.005s,PASSED
"setText(findTestObject(""Object Repository/Page_Brick Sign Up Form/input_Last Name_lastName""), ""iqbal"")",Chrome 99.0.4844.74,,,2022-03-21 00:01:15,2022-03-21 00:01:18,2.881s,PASSED
"setText(findTestObject(""Object Repository/Page_Brick Sign Up Form/input_Your Email_email""), ""test007@tonaeto.com"")",Chrome 99.0.4844.74,,,2022-03-21 00:01:18,2022-03-21 00:01:20,2.674s,PASSED
"setText(findTestObject(""Object Repository/Page_Brick Sign Up Form/input_Vietnam (Vit Nam)_phoneNumber""), ""89656505338"")",Chrome 99.0.4844.74,,,2022-03-21 00:01:20,2022-03-21 00:01:23,2.250s,PASSED
"setText(findTestObject(""Object Repository/Page_Brick Sign Up Form/input_Your Address_address""), ""Bandung"")",Chrome 99.0.4844.74,,,2022-03-21 00:01:23,2022-03-21 00:01:24,1.608s,PASSED
"setText(findTestObject(""Object Repository/Page_Brick Sign Up Form/input_Password_password""), ""Password123"")",Chrome 99.0.4844.74,,,2022-03-21 00:01:24,2022-03-21 00:01:25,1.120s,PASSED
"setText(findTestObject(""Object Repository/Page_Brick Sign Up Form/input_Confirm Password_confirm_password""), ""Password123"")",Chrome 99.0.4844.74,,,2022-03-21 00:01:25,2022-03-21 00:01:26,1.045s,PASSED
"click(findTestObject(""Object Repository/Page_Brick Sign Up Form/input_Confirm Password_register""))",Chrome 99.0.4844.74,,,2022-03-21 00:01:26,2022-03-21 00:01:28,1.808s,PASSED
"verifyElementPresent(findTestObject(""Object Repository/Page_Brick Sign Up Form/div_Check your email to confirm your registration""), 1)",Chrome 99.0.4844.74,,,2022-03-21 00:01:28,2022-03-21 00:01:29,0.747s,PASSED
"verifyTextPresent(""Success"", true)",Chrome 99.0.4844.74,,,2022-03-21 00:01:29,2022-03-21 00:01:29,0.481s,PASSED
"click(findTestObject(""Object Repository/Page_Brick Sign Up Form/button_OK""))",Chrome 99.0.4844.74,,,2022-03-21 00:01:29,2022-03-21 00:01:30,0.715s,PASSED
,,,,,,,
Test Cases/Register success - Optional field empty,Chrome 99.0.4844.74,,,2022-03-21 00:01:30,2022-03-21 00:01:43,12.536s,PASSED
"navigateToUrl(""https://brick-qa-assignment.herokuapp.com/"")",Chrome 99.0.4844.74,,,2022-03-21 00:01:32,2022-03-21 00:01:32,0.639s,PASSED
waitForPageLoad(1),Chrome 99.0.4844.74,,,2022-03-21 00:01:32,2022-03-21 00:01:32,0.046s,PASSED
"setText(findTestObject(""Object Repository/Page_Brick Sign Up Form/input_First Name_firstName""), ""mochamad"")",Chrome 99.0.4844.74,,,2022-03-21 00:01:32,2022-03-21 00:01:33,1.008s,PASSED
"setText(findTestObject(""Object Repository/Page_Brick Sign Up Form/input_Last Name_lastName""), ""iqbal"")",Chrome 99.0.4844.74,,,2022-03-21 00:01:33,2022-03-21 00:01:34,0.958s,PASSED
"setText(findTestObject(""Object Repository/Page_Brick Sign Up Form/input_Your Email_email""), ""test002@tonaeto.com"")",Chrome 99.0.4844.74,,,2022-03-21 00:01:34,2022-03-21 00:01:35,1.022s,PASSED
"setText(findTestObject(""Object Repository/Page_Brick Sign Up Form/input_Vietnam (Vit Nam)_phoneNumber""), ""89656505338"")",Chrome 99.0.4844.74,,,2022-03-21 00:01:35,2022-03-21 00:01:36,1.236s,PASSED
"setText(findTestObject(""Object Repository/Page_Brick Sign Up Form/input_Your Address_address""), """")",Chrome 99.0.4844.74,,,2022-03-21 00:01:36,2022-03-21 00:01:37,0.993s,PASSED
"setText(findTestObject(""Object Repository/Page_Brick Sign Up Form/input_Password_password""), ""Password123"")",Chrome 99.0.4844.74,,,2022-03-21 00:01:37,2022-03-21 00:01:38,1.006s,PASSED
"setText(findTestObject(""Object Repository/Page_Brick Sign Up Form/input_Confirm Password_confirm_password""), ""Password123"")",Chrome 99.0.4844.74,,,2022-03-21 00:01:38,2022-03-21 00:01:39,1.023s,PASSED
"click(findTestObject(""Object Repository/Page_Brick Sign Up Form/input_Confirm Password_register""))",Chrome 99.0.4844.74,,,2022-03-21 00:01:39,2022-03-21 00:01:41,1.468s,PASSED
"verifyElementPresent(findTestObject(""Object Repository/Page_Brick Sign Up Form/div_Check your email to confirm your registration""), 1)",Chrome 99.0.4844.74,,,2022-03-21 00:01:41,2022-03-21 00:01:42,0.731s,PASSED
"verifyTextPresent(""Success"", true)",Chrome 99.0.4844.74,,,2022-03-21 00:01:42,2022-03-21 00:01:42,0.389s,PASSED
"click(findTestObject(""Object Repository/Page_Brick Sign Up Form/button_OK""))",Chrome 99.0.4844.74,,,2022-03-21 00:01:42,2022-03-21 00:01:43,0.603s,PASSED
,,,,,,,
Test Cases/Register failed - All fields empty,Chrome 99.0.4844.74,,,2022-03-21 00:01:43,2022-03-21 00:01:47,4.591s,PASSED
"navigateToUrl(""https://brick-qa-assignment.herokuapp.com/"")",Chrome 99.0.4844.74,,,2022-03-21 00:01:44,2022-03-21 00:01:45,0.582s,PASSED
"click(findTestObject(""Object Repository/Page_Brick Sign Up Form/input_Confirm Password_register""))",Chrome 99.0.4844.74,,,2022-03-21 00:01:45,2022-03-21 00:01:45,0.635s,PASSED
"verifyElementPresent(findTestObject(""Object Repository/Page_Brick Sign Up Form/label_Please enter a firstname""), 1)",Chrome 99.0.4844.74,,,2022-03-21 00:01:45,2022-03-21 00:01:46,0.449s,PASSED
"verifyElementPresent(findTestObject(""Object Repository/Page_Brick Sign Up Form/label_Please enter a lastname""), 1)",Chrome 99.0.4844.74,,,2022-03-21 00:01:46,2022-03-21 00:01:46,0.490s,PASSED
"verifyElementPresent(findTestObject(""Object Repository/Page_Brick Sign Up Form/label_Please provide an email""), 1)",Chrome 99.0.4844.74,,,2022-03-21 00:01:46,2022-03-21 00:01:47,0.486s,PASSED
"verifyElementPresent(findTestObject(""Object Repository/Page_Brick Sign Up Form/label_Please enter a password""), 1)",Chrome 99.0.4844.74,,,2022-03-21 00:01:47,2022-03-21 00:01:47,0.529s,PASSED
,,,,,,,
Test Cases/Register failed - Password does not meet requirement,Chrome 99.0.4844.74,,,2022-03-21 00:01:47,2022-03-21 00:01:57,9.707s,PASSED
"navigateToUrl(""https://brick-qa-assignment.herokuapp.com/"")",Chrome 99.0.4844.74,,,2022-03-21 00:01:49,2022-03-21 00:01:49,0.676s,PASSED
"setText(findTestObject(""Object Repository/Page_Brick Sign Up Form/input_First Name_firstName""), ""mochamad"")",Chrome 99.0.4844.74,,,2022-03-21 00:01:49,2022-03-21 00:01:50,0.910s,PASSED
"setText(findTestObject(""Object Repository/Page_Brick Sign Up Form/input_Last Name_lastName""), ""iqbal"")",Chrome 99.0.4844.74,,,2022-03-21 00:01:50,2022-03-21 00:01:51,0.902s,PASSED
"setText(findTestObject(""Object Repository/Page_Brick Sign Up Form/input_Your Email_email""), ""mochiqbalts@gmail.com"")",Chrome 99.0.4844.74,,,2022-03-21 00:01:51,2022-03-21 00:01:52,0.889s,PASSED
"setText(findTestObject(""Object Repository/Page_Brick Sign Up Form/input_Vietnam (Vit Nam)_phoneNumber""), ""89656505338"")",Chrome 99.0.4844.74,,,2022-03-21 00:01:52,2022-03-21 00:01:53,1.152s,PASSED
"setText(findTestObject(""Object Repository/Page_Brick Sign Up Form/input_Your Address_address""), ""Bandung"")",Chrome 99.0.4844.74,,,2022-03-21 00:01:53,2022-03-21 00:01:54,0.941s,PASSED
"setText(findTestObject(""Object Repository/Page_Brick Sign Up Form/input_Password_password""), ""Pass"")",Chrome 99.0.4844.74,,,2022-03-21 00:01:54,2022-03-21 00:01:55,0.891s,PASSED
"setText(findTestObject(""Object Repository/Page_Brick Sign Up Form/input_Confirm Password_confirm_password""), ""Pass"")",Chrome 99.0.4844.74,,,2022-03-21 00:01:55,2022-03-21 00:01:56,0.967s,PASSED
"click(findTestObject(""Object Repository/Page_Brick Sign Up Form/input_Confirm Password_register""))",Chrome 99.0.4844.74,,,2022-03-21 00:01:56,2022-03-21 00:01:56,0.558s,PASSED
"verifyTextPresent(""Please enter at least 6 characters."", true)",Chrome 99.0.4844.74,,,2022-03-21 00:01:56,2022-03-21 00:01:57,0.490s,PASSED
,,,,,,,
Test Cases/Register failed - Phone number is empty,Chrome 99.0.4844.74,,,2022-03-21 00:01:57,2022-03-21 00:02:07,9.761s,FAILED
"navigateToUrl(""https://brick-qa-assignment.herokuapp.com/"")",Chrome 99.0.4844.74,,,2022-03-21 00:01:58,2022-03-21 00:01:59,0.493s,PASSED
"setText(findTestObject(""Object Repository/Page_Brick Sign Up Form/input_First Name_firstName""), ""mochamad"")",Chrome 99.0.4844.74,,,2022-03-21 00:01:59,2022-03-21 00:02:00,0.976s,PASSED
"setText(findTestObject(""Object Repository/Page_Brick Sign Up Form/input_Last Name_lastName""), ""iqbal"")",Chrome 99.0.4844.74,,,2022-03-21 00:02:00,2022-03-21 00:02:00,0.859s,PASSED
"setText(findTestObject(""Object Repository/Page_Brick Sign Up Form/input_Your Email_email""), ""test005@gmail.com"")",Chrome 99.0.4844.74,,,2022-03-21 00:02:00,2022-03-21 00:02:01,0.909s,PASSED
"setText(findTestObject(""Object Repository/Page_Brick Sign Up Form/input_Vietnam (Vit Nam)_phoneNumber""), """")",Chrome 99.0.4844.74,,,2022-03-21 00:02:01,2022-03-21 00:02:03,1.174s,PASSED
"setText(findTestObject(""Object Repository/Page_Brick Sign Up Form/input_Your Address_address""), ""Bandung"")",Chrome 99.0.4844.74,,,2022-03-21 00:02:03,2022-03-21 00:02:03,0.917s,PASSED
"setText(findTestObject(""Object Repository/Page_Brick Sign Up Form/input_Password_password""), ""Password"")",Chrome 99.0.4844.74,,,2022-03-21 00:02:03,2022-03-21 00:02:04,0.918s,PASSED
"setText(findTestObject(""Object Repository/Page_Brick Sign Up Form/input_Confirm Password_confirm_password""), ""Password"")",Chrome 99.0.4844.74,,,2022-03-21 00:02:04,2022-03-21 00:02:05,0.910s,PASSED
"click(findTestObject(""Object Repository/Page_Brick Sign Up Form/input_Confirm Password_register""))",Chrome 99.0.4844.74,,,2022-03-21 00:02:05,2022-03-21 00:02:06,0.584s,PASSED
"verifyTextPresent(""Please enter a phone number"", true)",Chrome 99.0.4844.74,,,2022-03-21 00:02:06,2022-03-21 00:02:07,0.856s,FAILED
,,,,,,,
Test Cases/Register failed - Password does not match,Chrome 99.0.4844.74,,,2022-03-21 00:02:07,2022-03-21 00:02:19,12.354s,PASSED
"navigateToUrl(""https://brick-qa-assignment.herokuapp.com/"")",Chrome 99.0.4844.74,,,2022-03-21 00:02:09,2022-03-21 00:02:10,1.316s,PASSED
"setText(findTestObject(""Object Repository/Page_Brick Sign Up Form/input_First Name_firstName""), ""mochamad"")",Chrome 99.0.4844.74,,,2022-03-21 00:02:10,2022-03-21 00:02:12,1.112s,PASSED
"setText(findTestObject(""Object Repository/Page_Brick Sign Up Form/input_Last Name_lastName""), ""iqbal"")",Chrome 99.0.4844.74,,,2022-03-21 00:02:12,2022-03-21 00:02:13,0.965s,PASSED
"setText(findTestObject(""Object Repository/Page_Brick Sign Up Form/input_Your Email_email""), ""mochiqbalts@gmail.com"")",Chrome 99.0.4844.74,,,2022-03-21 00:02:13,2022-03-21 00:02:14,1.072s,PASSED
"setText(findTestObject(""Object Repository/Page_Brick Sign Up Form/input_Vietnam (Vit Nam)_phoneNumber""), ""89656505338"")",Chrome 99.0.4844.74,,,2022-03-21 00:02:14,2022-03-21 00:02:15,1.301s,PASSED
"setText(findTestObject(""Object Repository/Page_Brick Sign Up Form/input_Your Address_address""), ""Bandung"")",Chrome 99.0.4844.74,,,2022-03-21 00:02:15,2022-03-21 00:02:16,1.010s,PASSED
"setText(findTestObject(""Object Repository/Page_Brick Sign Up Form/input_Password_password""), ""Pass"")",Chrome 99.0.4844.74,,,2022-03-21 00:02:16,2022-03-21 00:02:17,1.001s,PASSED
"setText(findTestObject(""Object Repository/Page_Brick Sign Up Form/input_Confirm Password_confirm_password""), ""Password"")",Chrome 99.0.4844.74,,,2022-03-21 00:02:17,2022-03-21 00:02:18,0.972s,PASSED
"click(findTestObject(""Object Repository/Page_Brick Sign Up Form/input_Confirm Password_register""))",Chrome 99.0.4844.74,,,2022-03-21 00:02:18,2022-03-21 00:02:19,0.657s,PASSED
"verifyTextPresent(""Password need to match"", true)",Chrome 99.0.4844.74,,,2022-03-21 00:02:19,2022-03-21 00:02:19,0.586s,PASSED
,,,,,,,
Test Cases/Register failed - Phone number already exist,Chrome 99.0.4844.74,,,2022-03-21 00:02:19,2022-03-21 00:02:31,11.412s,FAILED
"navigateToUrl(""https://brick-qa-assignment.herokuapp.com/"")",Chrome 99.0.4844.74,,,2022-03-21 00:02:21,2022-03-21 00:02:21,0.753s,PASSED
"setText(findTestObject(""Object Repository/Page_Brick Sign Up Form/input_First Name_firstName""), ""mochamad"")",Chrome 99.0.4844.74,,,2022-03-21 00:02:21,2022-03-21 00:02:22,1.003s,PASSED
"setText(findTestObject(""Object Repository/Page_Brick Sign Up Form/input_Last Name_lastName""), ""iqbal"")",Chrome 99.0.4844.74,,,2022-03-21 00:02:22,2022-03-21 00:02:23,1.036s,PASSED
"setText(findTestObject(""Object Repository/Page_Brick Sign Up Form/input_Your Email_email""), ""test004@gmail.com"")",Chrome 99.0.4844.74,,,2022-03-21 00:02:23,2022-03-21 00:02:24,1.000s,PASSED
"setText(findTestObject(""Object Repository/Page_Brick Sign Up Form/input_Vietnam (Vit Nam)_phoneNumber""), ""89656505338"")",Chrome 99.0.4844.74,,,2022-03-21 00:02:24,2022-03-21 00:02:25,1.183s,PASSED
"setText(findTestObject(""Object Repository/Page_Brick Sign Up Form/input_Your Address_address""), ""Bandung"")",Chrome 99.0.4844.74,,,2022-03-21 00:02:25,2022-03-21 00:02:26,0.916s,PASSED
"setText(findTestObject(""Object Repository/Page_Brick Sign Up Form/input_Password_password""), ""Password123"")",Chrome 99.0.4844.74,,,2022-03-21 00:02:26,2022-03-21 00:02:27,0.991s,PASSED
"setText(findTestObject(""Object Repository/Page_Brick Sign Up Form/input_Confirm Password_confirm_password""), ""Password123"")",Chrome 99.0.4844.74,,,2022-03-21 00:02:27,2022-03-21 00:02:28,0.963s,PASSED
"click(findTestObject(""Object Repository/Page_Brick Sign Up Form/input_Confirm Password_register""))",Chrome 99.0.4844.74,,,2022-03-21 00:02:28,2022-03-21 00:02:30,1.411s,PASSED
"verifyTextPresent(""Error"", true)",Chrome 99.0.4844.74,,,2022-03-21 00:02:30,2022-03-21 00:02:31,0.781s,FAILED
,,,,,,,
Test Cases/Register failed - Email already exist,Chrome 99.0.4844.74,,,2022-03-21 00:02:31,2022-03-21 00:02:44,13.525s,PASSED
"navigateToUrl(""https://brick-qa-assignment.herokuapp.com/"")",Chrome 99.0.4844.74,,,2022-03-21 00:02:32,2022-03-21 00:02:33,1.187s,PASSED
"setText(findTestObject(""Object Repository/Page_Brick Sign Up Form/input_First Name_firstName""), ""mochamad"")",Chrome 99.0.4844.74,,,2022-03-21 00:02:33,2022-03-21 00:02:34,1.212s,PASSED
"setText(findTestObject(""Object Repository/Page_Brick Sign Up Form/input_Last Name_lastName""), ""iqbal"")",Chrome 99.0.4844.74,,,2022-03-21 00:02:34,2022-03-21 00:02:35,0.930s,PASSED
"setText(findTestObject(""Object Repository/Page_Brick Sign Up Form/input_Your Email_email""), ""mochiqbalts@gmail.com"")",Chrome 99.0.4844.74,,,2022-03-21 00:02:35,2022-03-21 00:02:36,1.049s,PASSED
"setText(findTestObject(""Object Repository/Page_Brick Sign Up Form/input_Vietnam (Vit Nam)_phoneNumber""), ""89656505338"")",Chrome 99.0.4844.74,,,2022-03-21 00:02:36,2022-03-21 00:02:37,1.290s,PASSED
"setText(findTestObject(""Object Repository/Page_Brick Sign Up Form/input_Your Address_address""), ""Bandung"")",Chrome 99.0.4844.74,,,2022-03-21 00:02:37,2022-03-21 00:02:38,1.001s,PASSED
"setText(findTestObject(""Object Repository/Page_Brick Sign Up Form/input_Password_password""), ""Password123"")",Chrome 99.0.4844.74,,,2022-03-21 00:02:38,2022-03-21 00:02:39,1.015s,PASSED
"setText(findTestObject(""Object Repository/Page_Brick Sign Up Form/input_Confirm Password_confirm_password""), ""Password123"")",Chrome 99.0.4844.74,,,2022-03-21 00:02:39,2022-03-21 00:02:40,0.959s,PASSED
"click(findTestObject(""Object Repository/Page_Brick Sign Up Form/input_Confirm Password_register""))",Chrome 99.0.4844.74,,,2022-03-21 00:02:40,2022-03-21 00:02:42,1.801s,PASSED
"verifyElementPresent(findTestObject(""Object Repository/Page_Brick Sign Up Form/div_Email has been taken""), 1)",Chrome 99.0.4844.74,,,2022-03-21 00:02:42,2022-03-21 00:02:43,0.889s,PASSED
"verifyTextPresent(""Error"", true)",Chrome 99.0.4844.74,,,2022-03-21 00:02:43,2022-03-21 00:02:43,0.345s,PASSED
"click(findTestObject(""Object Repository/Page_Brick Sign Up Form/button_OK""))",Chrome 99.0.4844.74,,,2022-03-21 00:02:43,2022-03-21 00:02:44,0.671s,PASSED
,,,,,,,
Test Cases/Register failed - Invalid email address,Chrome 99.0.4844.74,,,2022-03-21 00:02:44,2022-03-21 00:02:53,8.428s,PASSED
"navigateToUrl(""https://brick-qa-assignment.herokuapp.com/"")",Chrome 99.0.4844.74,,,2022-03-21 00:02:46,2022-03-21 00:02:46,0.509s,PASSED
"setText(findTestObject(""Object Repository/Page_Brick Sign Up Form/input_First Name_firstName""), ""mochamad"")",Chrome 99.0.4844.74,,,2022-03-21 00:02:46,2022-03-21 00:02:47,0.919s,PASSED
"setText(findTestObject(""Object Repository/Page_Brick Sign Up Form/input_Last Name_lastName""), ""iqbal"")",Chrome 99.0.4844.74,,,2022-03-21 00:02:47,2022-03-21 00:02:48,0.876s,PASSED
"setText(findTestObject(""Object Repository/Page_Brick Sign Up Form/input_Your Email_email""), ""mochiqbalts@gmail"")",Chrome 99.0.4844.74,,,2022-03-21 00:02:48,2022-03-21 00:02:49,0.865s,PASSED
"setText(findTestObject(""Object Repository/Page_Brick Sign Up Form/input_Your Address_address""), ""Bandung"")",Chrome 99.0.4844.74,,,2022-03-21 00:02:49,2022-03-21 00:02:50,0.888s,PASSED
"setText(findTestObject(""Object Repository/Page_Brick Sign Up Form/input_Password_password""), ""Password123"")",Chrome 99.0.4844.74,,,2022-03-21 00:02:50,2022-03-21 00:02:51,0.936s,PASSED
"setText(findTestObject(""Object Repository/Page_Brick Sign Up Form/input_Confirm Password_confirm_password""), ""Password123"")",Chrome 99.0.4844.74,,,2022-03-21 00:02:51,2022-03-21 00:02:51,0.903s,PASSED
"click(findTestObject(""Object Repository/Page_Brick Sign Up Form/input_Confirm Password_register""))",Chrome 99.0.4844.74,,,2022-03-21 00:02:51,2022-03-21 00:02:52,0.557s,PASSED
"verifyTextPresent(""Please enter a valid email address."", true)",Chrome 99.0.4844.74,,,2022-03-21 00:02:52,2022-03-21 00:02:53,0.569s,PASSED
,,,,,,,
Test Cases/Register failed - Phone number less than 9 digits,Chrome 99.0.4844.74,,,2022-03-21 00:02:53,2022-03-21 00:03:03,10.693s,FAILED
"navigateToUrl(""https://brick-qa-assignment.herokuapp.com/"")",Chrome 99.0.4844.74,,,2022-03-21 00:02:54,2022-03-21 00:02:54,0.640s,PASSED
"setText(findTestObject(""Object Repository/Page_Brick Sign Up Form/input_First Name_firstName""), ""mochamad"")",Chrome 99.0.4844.74,,,2022-03-21 00:02:54,2022-03-21 00:02:55,0.950s,PASSED
"setText(findTestObject(""Object Repository/Page_Brick Sign Up Form/input_Last Name_lastName""), ""iqbal"")",Chrome 99.0.4844.74,,,2022-03-21 00:02:55,2022-03-21 00:02:56,0.901s,PASSED
"setText(findTestObject(""Object Repository/Page_Brick Sign Up Form/input_Your Email_email""), ""test003@gmail.com"")",Chrome 99.0.4844.74,,,2022-03-21 00:02:56,2022-03-21 00:02:57,0.899s,PASSED
"setText(findTestObject(""Object Repository/Page_Brick Sign Up Form/input_Vietnam (Vit Nam)_phoneNumber""), ""896565"")",Chrome 99.0.4844.74,,,2022-03-21 00:02:57,2022-03-21 00:02:58,1.144s,PASSED
"setText(findTestObject(""Object Repository/Page_Brick Sign Up Form/input_Your Address_address""), ""Bandung"")",Chrome 99.0.4844.74,,,2022-03-21 00:02:58,2022-03-21 00:02:59,1.002s,PASSED
"setText(findTestObject(""Object Repository/Page_Brick Sign Up Form/input_Password_password""), ""Password"")",Chrome 99.0.4844.74,,,2022-03-21 00:02:59,2022-03-21 00:03:00,0.933s,PASSED
"setText(findTestObject(""Object Repository/Page_Brick Sign Up Form/input_Confirm Password_confirm_password""), ""Password"")",Chrome 99.0.4844.74,,,2022-03-21 00:03:00,2022-03-21 00:03:01,0.961s,PASSED
"click(findTestObject(""Object Repository/Page_Brick Sign Up Form/input_Confirm Password_register""))",Chrome 99.0.4844.74,,,2022-03-21 00:03:01,2022-03-21 00:03:02,1.404s,PASSED
"verifyTextPresent(""Please enter a valid phone number"", true)",Chrome 99.0.4844.74,,,2022-03-21 00:03:02,2022-03-21 00:03:03,0.824s,FAILED
,,,,,,,
Test Cases/Register failed - Phone number more than 15 digits,Chrome 99.0.4844.74,,,2022-03-21 00:03:03,2022-03-21 00:03:16,12.287s,FAILED
"navigateToUrl(""https://brick-qa-assignment.herokuapp.com/"")",Chrome 99.0.4844.74,,,2022-03-21 00:03:04,2022-03-21 00:03:05,0.778s,PASSED
"setText(findTestObject(""Object Repository/Page_Brick Sign Up Form/input_First Name_firstName""), ""mochamad"")",Chrome 99.0.4844.74,,,2022-03-21 00:03:05,2022-03-21 00:03:06,1.088s,PASSED
"setText(findTestObject(""Object Repository/Page_Brick Sign Up Form/input_Last Name_lastName""), ""iqbal"")",Chrome 99.0.4844.74,,,2022-03-21 00:03:06,2022-03-21 00:03:07,1.065s,PASSED
"setText(findTestObject(""Object Repository/Page_Brick Sign Up Form/input_Your Email_email""), ""test006@gmail.com"")",Chrome 99.0.4844.74,,,2022-03-21 00:03:07,2022-03-21 00:03:09,1.111s,PASSED
"setText(findTestObject(""Object Repository/Page_Brick Sign Up Form/input_Vietnam (Vit Nam)_phoneNumber""), ""896565053381234567890"")",Chrome 99.0.4844.74,,,2022-03-21 00:03:09,2022-03-21 00:03:10,1.299s,PASSED
"setText(findTestObject(""Object Repository/Page_Brick Sign Up Form/input_Your Address_address""), ""Bandung"")",Chrome 99.0.4844.74,,,2022-03-21 00:03:10,2022-03-21 00:03:11,1.006s,PASSED
"setText(findTestObject(""Object Repository/Page_Brick Sign Up Form/input_Password_password""), ""Password"")",Chrome 99.0.4844.74,,,2022-03-21 00:03:11,2022-03-21 00:03:12,0.961s,PASSED
"setText(findTestObject(""Object Repository/Page_Brick Sign Up Form/input_Confirm Password_confirm_password""), ""Password"")",Chrome 99.0.4844.74,,,2022-03-21 00:03:12,2022-03-21 00:03:13,1.034s,PASSED
"click(findTestObject(""Object Repository/Page_Brick Sign Up Form/input_Confirm Password_register""))",Chrome 99.0.4844.74,,,2022-03-21 00:03:13,2022-03-21 00:03:15,1.796s,PASSED
"verifyTextPresent(""Please enter a valid phone number"", true)",Chrome 99.0.4844.74,,,2022-03-21 00:03:15,2022-03-21 00:03:16,0.896s,FAILED
